Regulator Name,Regulator Type,Regulator Subtype,Regulator HGNC Symbol,Regulator Database,Regulator ID,Regulator Compartment,Regulator Compartment ID,Regulated Name,Regulated Type,Regulated Subtype,Regulated HGNC Symbol,Regulated Database,Regulated ID,Regulated Compartment,Regulated Compartment ID,Sign,Connection Type,Mechanism,Site,Cell Line,Cell Type,Tissue Type,Organism,Score,Source,Statements,Paper IDs
cell_motility,Biological Process,,,go,GO:0016477,,go:0031012,integrins,Other,,,,UAZ00116,,go:0031012,negative,,,,,,,,,,,10647931-cmu-out.tsv
cyclin,Protein,,,uniprot,P12004,,,p21,Protein,,,,Q16539936,,,negative,,,,,,,,,,,10647931-cmu-out.tsv
thrombospondin1,Protein,,,uniprot,P07996,,,p53,Protein,,,,P04637,,,negative,,,,,,,,,,,10647931-cmu-out.tsv
Bax,Protein,,,uniprot,Q07812,,go:0005739,p53_tumor_suppressor_protein,Other,,,,UAZ02493,,go:0005739,negative,,,,,,,,,,,10647931-cmu-out.tsv
AKT,Protein Family|Protein Complex,,,be,"P31749,P31751",,,phosphatase,Protein Family,,,,PF15698,,,negative,,,,,,,,,,,10647931-cmu-out.tsv
cell_proliferation,Biological Process,,,go,GO:0008283,,,pRb,Protein,,,,P06400,,,negative,,,,,,,,,,,10647931-cmu-out.tsv
transcription,Biological Process,,,go,GO:0006351,,,pRb,Protein,,,,P06400,,,negative,,,,,,,,,,,10647931-cmu-out.tsv
cmyc_gene,Other,,,uaz,UAZ13528,,,TGFbeta,Protein Family|Protein Complex,,,,P01137,,,negative,,,,,,,,,,,10647931-cmu-out.tsv
caspases,Protein Family|Protein Complex,,,be,Q14790,,go:0005739,cytochrome_C,Protein,,,,P99999,,go:0005739,positive,,,,,,,,,,,10647931-cmu-out.tsv
caspases,Protein Family|Protein Complex,,,be,Q14790,,go:0005739,death_receptors,Protein Family|Protein Complex,,,,Death_receptor,,go:0005739,positive,,,,,,,,,,,10647931-cmu-out.tsv
death,Protein Family,,,pfam,PF00531,,,decoy_receptor_for_FAS_ligand,Protein,,,,O95407,,,positive,,,,,,,,,,,10647931-cmu-out.tsv
apoptosis,Biological Process,,,go,GO:0006915,,go:0031012,integrins,Other,,,,UAZ00116,,go:0031012,positive,,,,,,,,,,,10647931-cmu-out.tsv
cell_cycle,Biological Process,,,go,GO:0007049,,go:0031012,integrins,Other,,,,UAZ00116,,go:0031012,positive,,,,,,,,,,,10647931-cmu-out.tsv
differentiation,Biological Process,,,go,GO:0030154,,,MadMax_complexes,Other,,,,UAZ14775,,,positive,,,,,cl:CL:0000584,,,,,,10647931-cmu-out.tsv
DNA_repair,Biological Process,,,go,GO:0006281,,,p53_tumor_suppressor_protein,Other,,,,UAZ02493,,,positive,,,,,,,,,,,10647931-cmu-out.tsv
AKT,Protein Family|Protein Complex,,,be,"P31749,P31751",,,pTEN,Protein,,,,P60484,,,positive,,,,,,,,,,,10647931-cmu-out.tsv
CDK,Protein Family|Protein Complex,,,be,CDK,,,TGFbeta,Protein Family|Protein Complex,,,,P01137,,,positive,,,,,,,,,,,10647931-cmu-out.tsv
p15_INK4B,Other,,,uaz,UAZ05346,,,TGFbeta,Protein Family|Protein Complex,,,,P01137,,,positive,,,,,,,,,,,10647931-cmu-out.tsv
p21,Protein,,,uniprot,Q16539936,,,TGFbeta,Protein Family|Protein Complex,,,,P01137,,,positive,,,,,,,,,,,10647931-cmu-out.tsv
growth_factor_receptors,Other,,,uaz,UAZ01911,,,Merlin,Protein,,,,P35240,,,negative,,,,,cl:CL:0000066,,,,,,21376230-cmu-out.tsv
cell_division_cycle,Biological Process,,,go,GO:0007049,,,RB,Protein,,,,P06400,,,negative,,,,,,,,,,,21376230-cmu-out.tsv
"{Bax,_Bak}","{Protein, Protein}",,,"{uniprot, uniprot}","{Q07812, Q16611}",,go:0005741,antiapoptotic_Bcl2like_proteins,Other,,,,UAZ12032,,go:0005741,positive,,,,,,,,,,,21376230-cmu-out.tsv
Cell_Survival,Biological Process,,,mesh,D002470,,go:0043226,Autophagy,Biological Process,,,,GO:0006914,,go:0043226,positive,,,,,,,,,,,21376230-cmu-out.tsv
transcription,Biological Process,,,go,GO:0006351,,,EMT,Protein,,,,O75751,,,positive,,,,,cl:CL:0000499,,,,,,21376230-cmu-out.tsv
glucose,Chemical,,,hmdb,HMDB06564,,go:0005737,glucose_transporters,Protein Family|Protein Complex,,,,SLC2A,,go:0005737,positive,,,,,,,,,,,21376230-cmu-out.tsv
glucose,Chemical,,,hmdb,HMDB06564,,go:0005737,GLUT1,Protein,,,,P11166,,go:0005737,positive,,,,,,,,,,,21376230-cmu-out.tsv
invasion,Biological Process,,,mesh,D009361,,,IL4,Protein,,,,P05112,,,positive,,,,,cl:CL:0000134,,,,,,21376230-cmu-out.tsv
metastasis,Biological Process,,,mesh,D009362,,go:0005912,invasion,Biological Process,,,,D009361,,go:0005912,positive,,,,,cl:CL:0000066,,,,,,21376230-cmu-out.tsv
citric_acid_cycle,Biological Process,,,go,GO:0006099,,go:0043226,lactate,Chemical,,,,HMDB00190,,go:0043226,positive,,,,,,,,,,,21376230-cmu-out.tsv
apoptosis,Biological Process,,,go,GO:0006915,,,Myc,Protein,,,,P01106,,,positive,,,,,cl:CL:0000066,,,,,,21376230-cmu-out.tsv
HIF1alpha,Protein,,,uniprot,Q16665,,go:0043226,Ras,Protein Family,,,,PF00071,,go:0043226,positive,,,,,,,,,,,21376230-cmu-out.tsv
senescence,Biological Process,,,mesh,D000375,,,RB,Protein,,,,P06400,,,positive,,,,,,,,,,,21376230-cmu-out.tsv
apoptosis,Biological Process,,,go,GO:0006915,,,TP53,Protein,,,,P04637,,,positive,,,,,,,,,,,21376230-cmu-out.tsv
Noxa,Protein,,,uniprot,Q13794,,,TP53,Protein,,,,P04637,,,positive,,,,,cl:CL:0000066,,,,,,21376230-cmu-out.tsv
Puma,Protein,,,uniprot,Q96PG8,,,TP53,Protein,,,,P04637,,,positive,,,,,cl:CL:0000066,,,,,,21376230-cmu-out.tsv
HSR,Protein,,,uniprot,P10486,,,Ab,Protein,,,,Q24174,,,negative,,,,,cl:CL:0000096,,,,,,20969478-cmu-out.tsv
NADPH_oxidase,Protein Family|Protein Complex,,,be,NADPH_oxidase,,,Ab,Protein,,,,Q24174,,,negative,,,,,cl:CL:0000096,,,,,,20969478-cmu-out.tsv
autophagy,Biological Process,,,go,GO:0006914,,go:0005741,Bcl2,Protein,,,,P10415,,go:0005741,negative,,,,,,,,,,,20969478-cmu-out.tsv
Beclin1,Protein,,,uniprot,Q14457,,go:0005741,Bcl2,Protein,,,,P10415,,go:0005741,negative,,,,,,,,,,,20969478-cmu-out.tsv
autophagy,Biological Process,,,go,GO:0006914,,go:0005741,BclXL,Protein,,,,Q07817,,go:0005741,negative,,,,,,,,,,,20969478-cmu-out.tsv
Beclin1,Protein,,,uniprot,Q14457,,go:0005741,BclXL,Protein,,,,Q07817,,go:0005741,negative,,,,,,,,,,,20969478-cmu-out.tsv
chromatin_remodeling,Biological Process,,,go,GO:0006338,,go:0005739,DNA_damage,Biological Process,,,,D004249,,go:0005739,negative,,,,,,,,,,,20969478-cmu-out.tsv
apoE,Protein,,,uniprot,P02649,,,HMGB1,Protein,,,,P09429,,,negative,,,,,,,,,,,20969478-cmu-out.tsv
apoptosis,Biological Process,,,go,GO:0006915,,,HMGB1,Protein,,,,P09429,,,negative,,,,,cl:CL:0000235,,,,,,20969478-cmu-out.tsv
autophagy,Biological Process,,,go,GO:0006914,,,HMGB1,Protein,,,,P09429,,,negative,,,,,cl:CL:0000235,,,,,,20969478-cmu-out.tsv
immunity,Biological Process,,,go,GO:0006955,,,HMGB1,Protein,,,,P09429,,,negative,,,,,cl:CL:0000084,,,,,,20969478-cmu-out.tsv
plasmacytoid_DC_cytokine,Other,,,uaz,UAZ15280,,go:0005829,HMGB1,Protein,,,,P09429,,go:0005829,negative,,,,,cl:CL:0000623,,,,,,20969478-cmu-out.tsv
tissue_plasminogen_activator,Protein Family,,,interpro,IPR026280,,,HMGB1,Protein,,,,P09429,,,negative,,,,,cl:CL:0002139,,,,,,20969478-cmu-out.tsv
TLR3,Protein,,,uniprot,O15455,,,HMGB1,Protein,,,,P09429,,,negative,,,,,cl:CL:0000738,,,,,,20969478-cmu-out.tsv
TLR7,Protein,,,uniprot,Q9NYK1,,,HMGB1,Protein,,,,P09429,,,negative,,,,,cl:CL:0000738,,,,,,20969478-cmu-out.tsv
TLR9,Protein,,,uniprot,Q9NR96,,,HMGB1,Protein,,,,P09429,,,negative,,,,,cl:CL:0000738,,,,,,20969478-cmu-out.tsv
apoptosis,Biological Process,,,go,GO:0006915,,go:0005634,Hsp70,Protein Family|Protein Complex,,,,HSPA,,go:0005634,negative,,,,,,,,,,,20969478-cmu-out.tsv
caspase3,Protein,,,uniprot,P42574,,go:0005634,Hsp70,Protein Family|Protein Complex,,,,HSPA,,go:0005634,negative,,,,,,,,,,,20969478-cmu-out.tsv
HMGB1,Protein,,,uniprot,P09429,,go:0005739,Hsp72,Protein,,,,P53421,,go:0005739,negative,,,,,cl:CL:0002548,,,,,,20969478-cmu-out.tsv
HMGB1,Protein,,,uniprot,P09429,,,NAC,Protein,,,,Q9C000,,,negative,,,,,,,,,,,20969478-cmu-out.tsv
HMGB1,Protein,,,uniprot,P09429,,,NAC,Protein,,,,Q9C000,,,negative,,,,,,,,,,,20969478-cmu-out.tsv
hypoxia,Other,,,uaz,UAZ08610,,,NAC,Protein,,,,Q9C000,,,negative,,,,,,,,,,,20969478-cmu-out.tsv
IR,Protein,,,uniprot,P06213,,,NAC,Protein,,,,Q9C000,,,negative,,,,,,,,,,,20969478-cmu-out.tsv
IL6,Protein,,,uniprot,P05231,,,NAC,Protein,,,,Q9C000,,,negative,,,,,,,,,,,20969478-cmu-out.tsv
inflammation,Biological Process,,,go,GO:0006954,,,NAC,Protein,,,,Q9C000,,,negative,,,,,,,,,,,20969478-cmu-out.tsv
injury,Biological Process,,,go,GO:0090303,,,NAC,Protein,,,,Q9C000,,,negative,,,,,,,,,,,20969478-cmu-out.tsv
injury,Biological Process,,,go,GO:0090303,,,NAC,Protein,,,,Q9C000,,,negative,,,,,,,,,,,20969478-cmu-out.tsv
TNFalpha,Protein,,,uniprot,P01375,,,NAC,Protein,,,,Q9C000,,,negative,,,,,,,,,,,20969478-cmu-out.tsv
response_to_stress,Biological Process,,,go,GO:0006950,,go:0031982,autophagy,Biological Process,,,,GO:0006914,,go:0031982,positive,,,,,,,,,,,20969478-cmu-out.tsv
apoptosis,Biological Process,,,go,GO:0006915,,go:0005741,Bad,Protein,,,,Q92934,,go:0005741,positive,,,,,,,,,,,20969478-cmu-out.tsv
apoptosis,Biological Process,,,go,GO:0006915,,go:0005741,Bak,Protein,,,,Q16611,,go:0005741,positive,,,,,,,,,,,20969478-cmu-out.tsv
apoptosis,Biological Process,,,go,GO:0006915,,go:0005741,Bid,Protein,,,,P55957,,go:0005741,positive,,,,,,,,,,,20969478-cmu-out.tsv
apoptosis,Biological Process,,,go,GO:0006915,,go:0005741,Bim,Protein,,,,O43521,,go:0005741,positive,,,,,,,,,,,20969478-cmu-out.tsv
HMGB1,Protein,,,uniprot,P09429,,,calcium,Other,,,,UAZ15290,,,positive,,,,,,,,,,,20969478-cmu-out.tsv
HMGB1,Protein,,,uniprot,P09429,,go:0005737,calcium,Other,,,,UAZ15261,,go:0005737,positive,,,,,cl:CL:0000235,,,,,,20969478-cmu-out.tsv
autophagy,Biological Process,,,go,GO:0006914,,go:0005739,caspase,Protein Family|Protein Complex,,,,Q14790,,go:0005739,positive,,,,,,,,,,,20969478-cmu-out.tsv
autophagy,Biological Process,,,go,GO:0006914,,go:0005739,catalase,Protein,,,,P04040,,go:0005739,positive,,,,,,,,,,,20969478-cmu-out.tsv
caspases,Protein Family|Protein Complex,,,be,Q14790,,go:0005741,cytochrome_c,Protein,,,,P99999,,go:0005741,positive,,,,,,,,,,,20969478-cmu-out.tsv
cell_death,Biological Process,,,go,GO:0008219,,go:0005741,cytochrome_c,Protein,,,,P99999,,go:0005741,positive,,,,,,,,,,,20969478-cmu-out.tsv
injury,Biological Process,,,go,GO:0090303,,,HMBG1,Other,,,,UAZ00507,,,positive,,,,,cl:CL:0000540,,,,,,20969478-cmu-out.tsv
autophagy,Biological Process,,,go,GO:0006914,,go:0005829,HMGB1,Protein,,,,P09429,,go:0005829,positive,,,,,cl:CL:0000235,,,,,,20969478-cmu-out.tsv
cell_survival,Biological Process,,,mesh,D002470,,go:0005829,HMGB1,Protein,,,,P09429,,go:0005829,positive,,,,,cl:CL:0000235,,,,,,20969478-cmu-out.tsv
Creactive_protein,Protein,,,uniprot,P02741,,,HMGB1,Protein,,,,P09429,,,positive,,,,,cl:CL:0000359,,,,,,20969478-cmu-out.tsv
HMGB1,Protein,,,uniprot,P09429,,go:0005829,HMGB1,Protein,,,,P09429,,go:0005634,positive,,,,,,,,,,,20969478-cmu-out.tsv
HMGB1,Protein,,,uniprot,P09429,,go:0005615,HMGB1,Protein,,,,P09429,,go:0005634,positive,,,,,,,,,,,20969478-cmu-out.tsv
IL6,Protein,,,uniprot,P05231,,go:0009986,HMGB1,Protein,,,,P09429,,go:0009986,positive,,,,,cl:CL:0001054,,,,,,20969478-cmu-out.tsv
inflammation,Biological Process,,,go,GO:0006954,,go:0009986,HMGB1,Protein,,,,P09429,,go:0009986,positive,,,,,cl:CL:0001054,,,,,,20969478-cmu-out.tsv
injury,Biological Process,,,go,GO:0090303,,,HMGB1,Protein,,,,P09429,,,positive,,,,,cl:CL:0000540,,,,,,20969478-cmu-out.tsv
matrix,Protein Family,,,pfam,PF00661,,,HMGB1,Protein,,,,P09429,,,positive,,,,,cl:CL:0000359,,,,,,20969478-cmu-out.tsv
metalloproteinase9,Other,,,uaz,UAZ15270,,,HMGB1,Protein,,,,P09429,,,positive,,,,,cl:CL:0000540,,,,,,20969478-cmu-out.tsv
NADPH_oxidase,Protein Family|Protein Complex,,,be,NADPH_oxidase,,go:0016020,HMGB1,Protein,,,,P09429,,go:0016020,positive,,,,,cl:CL:0000096,,,,,,20969478-cmu-out.tsv
NFkappaB,Protein Family|Protein Complex,,,be,P19838,,,HMGB1,Protein,,,,P09429,,,positive,,,,,cl:CL:0000738,,,,,,20969478-cmu-out.tsv
NKDC,Other,,,uaz,UAZ15262,,,HMGB1,Protein,,,,P09429,,,positive,,,,,cl:CL:0000084,,,,,,20969478-cmu-out.tsv
phospholipase,Other,,,uaz,UAZ04314,,,HMGB1,Protein,,,,P09429,,,positive,,,,,cl:CL:0000359,,,,,,20969478-cmu-out.tsv
proliferation,Biological Process,,,go,GO:0008283,,go:0009986,HMGB1,Protein,,,,P09429,,go:0009986,positive,,,,,cl:CL:0000235 ++++ cl:CL:0000034,,,,,,20969478-cmu-out.tsv
RAGE,Protein,,,uniprot,Q15109,,,HMGB1,Protein,,,,P09429,,,positive,,,,,cl:CL:0002139,,,,,,20969478-cmu-out.tsv
TNFA,Protein,,,uniprot,P01375,,go:0009986,HMGB1,Protein,,,,P09429,,go:0009986,positive,,,,,cl:CL:0001054,,,,,,20969478-cmu-out.tsv
vascular_cell_adhesion_molecule_1,Protein Family,,,interpro,IPR003989,,,HMGB1,Protein,,,,P09429,,,positive,,,,,cl:CL:0002139,,,,,,20969478-cmu-out.tsv
ROS,Chemical,,,chebi,CHEBI:26523,,go:0016020,"HMGB11,_TLR41","Protein, Protein",,,,"P09429, O00206",,go:0016020,positive,,,,,cl:CL:0000235,,,,,,20969478-cmu-out.tsv
cell_migration,Biological Process,,,go,GO:0016477,,,HMGB1RAGE,Other,,,,UAZ01264,,,positive,,,,,cl:CL:0000540,,,,,,20969478-cmu-out.tsv
NADPH_oxidase,Protein Family|Protein Complex,,,be,NADPH_oxidase,,,HSR,Protein,,,,P10486,,,positive,,,,,cl:CL:0000096,,,,,,20969478-cmu-out.tsv
TLR4_mutant,Other,,,uaz,UAZ15282,,,NAC,Protein,,,,Q9C000,,,positive,,,,,,,,,,,20969478-cmu-out.tsv
HMGB1,Protein,,,uniprot,P09429,,,NFkappaB,Protein Family|Protein Complex,,,,P19838,,,positive,,,,,,,,,,,20969478-cmu-out.tsv
apoptosis,Biological Process,,,go,GO:0006915,,go:0005741,NOXA,Protein,,,,Q13794,,go:0005741,positive,,,,,,,,,,,20969478-cmu-out.tsv
necrotic_cell_death,Biological Process,,,mesh,D009336,,,oxidative_phosphorylation,Biological Process,,,,GO:0006119,,,positive,,,,,,,,,,,20969478-cmu-out.tsv
apoptosis,Biological Process,,,go,GO:0006915,,go:0005741,p53,Protein,,,,P04637,,go:0005741,positive,,,,,,,,,,,20969478-cmu-out.tsv
ROS,Chemical,,,chebi,CHEBI:26523,,,pattern_recognition_receptors,Other,,,,UAZ04732,,,positive,,,,,cl:CL:0009002,,,,,,20969478-cmu-out.tsv
autophagy,Biological Process,,,go,GO:0006914,,go:0005741,PUMA,Protein,,,,Q96PG8,,go:0005741,positive,,,,,,,,,,,20969478-cmu-out.tsv
autophagy,Biological Process,,,go,GO:0006914,,go:0005739,ROS,Chemical,,,,CHEBI:26523,,go:0005739,positive,,,,,,,,,,,20969478-cmu-out.tsv
HMGB1,Protein,,,uniprot,P09429,,,ROS,Chemical,,,,CHEBI:26523,,,positive,,,,,cl:CL:0002139,,,,,,20969478-cmu-out.tsv
necrotic_cell_death,Biological Process,,,mesh,D009336,,,ROS,Chemical,,,,CHEBI:26523,,,positive,,,,,,,,,,,20969478-cmu-out.tsv
RAGE,Protein,,,uniprot,Q15109,,,ROS,Chemical,,,,CHEBI:26523,,,positive,,,,,cl:CL:0002139,,,,,,20969478-cmu-out.tsv
NADPH_oxidase,Protein Family|Protein Complex,,,be,NADPH_oxidase,,go:0016020,TLR,Protein Family|Protein Complex,,,,TLR,,go:0016020,positive,,,,,cl:CL:0000096,,,,,,20969478-cmu-out.tsv
CD24,Protein,,,uniprot,P25063,,,TLR2,Protein,,,,O60603,,,positive,,,,,cl:CL:0000235,,,,,,20969478-cmu-out.tsv
CD24,Protein,,,uniprot,P25063,,,TLR4,Protein,,,,O00206,,,positive,,,,,cl:CL:0000235,,,,,,20969478-cmu-out.tsv
HMGB1,Protein,,,uniprot,P09429,,,TLR4,Protein,,,,O00206,,,positive,,,,,,,,,,,20969478-cmu-out.tsv
inflammation,Biological Process,,,go,GO:0006954,,,TLR4,Protein,,,,O00206,,,positive,,,,,cl:CL:0000540,,,,,,20969478-cmu-out.tsv
apoptosis,Biological Process,,,go,GO:0006915,,go:0005741,Bcl2,Protein,,,,P10415,,go:0005741,negative,,,,,,,,,,,19109884-cmu-out.tsv
Bmf,Protein,,,uniprot,Q96LC9,,go:0005741,Bcl2,Protein,,,,P10415,,go:0005741,negative,,,,,,,,,,,19109884-cmu-out.tsv
necrosis,Biological Process,,,mesh,D009336,,go:0005741,Bcl2,Protein,,,,P10415,,go:0005741,negative,,,,,,,,,,,19109884-cmu-out.tsv
ZVAD,Other,,,uaz,UAZ04726,,,caspase,Protein Family|Protein Complex,,,,Q14790,,,negative,,,,,,,,,,,19109884-cmu-out.tsv
PARP1,Protein,,,uniprot,P09874,,go:0005829,AIF,Protein,,,,O95831,,go:0005829,positive,,,,,,,,,,,19109884-cmu-out.tsv
apoptosis,Biological Process,,,go,GO:0006915,,go:0005741,Bmf,Protein,,,,Q96LC9,,go:0005741,positive,,,,,,,,,,,19109884-cmu-out.tsv
Bcl2,Protein,,,uniprot,P10415,,go:0005741,Bmf,Protein,,,,Q96LC9,,go:0005741,positive,,,,,,,,,,,19109884-cmu-out.tsv
BclX_L,Other,,,uaz,UAZ01132,,go:0005741,Bmf,Protein,,,,Q96LC9,,go:0005741,positive,,,,,,,,,,,19109884-cmu-out.tsv
homeostasis,Biological Process,,,go,GO:0042592,,go:0097189,cell_death,Biological Process,,,,GO:0008219,,go:0097189,positive,,,,,,,,,,,19109884-cmu-out.tsv
necrotic_cell_death,Biological Process,,,mesh,D009336,,go:0097189,cell_death,Biological Process,,,,GO:0008219,,go:0097189,positive,,,,,,,,,,,19109884-cmu-out.tsv
necroptosis,Biological Process,,,go,GO:0097528,,,fmk,Other,,,,UAZ04727,,,positive,,,,,,,,,,,19109884-cmu-out.tsv
death,Protein Family,,,pfam,PF00531,,,necrosis,Biological Process,,,,D009336,,,positive,,,,,,,,,,,19109884-cmu-out.tsv
inflammation,Biological Process,,,go,GO:0006954,,,necrosis,Biological Process,,,,D009336,,,positive,,,,,,,,,,,19109884-cmu-out.tsv
AIF,Protein,,,uniprot,O95831,,go:0005829,PARP1,Protein,,,,P09874,,go:0005829,positive,,,,,,,,,,,19109884-cmu-out.tsv
cell_death,Biological Process,,,go,GO:0008219,,,Glucose,Chemical,,,,HMDB06564,,,positive,,,,,,,,,,,19460998-cmu-out.tsv
glucose,Chemical,,,hmdb,HMDB06564,,,Hif1alpha,Protein,,,,Q16665,,,positive,,,,,,,,,,,19460998-cmu-out.tsv
glucose,Chemical,,,hmdb,HMDB06564,,,PI3K,Protein Family|Protein Complex,,,,P42336,,,positive,,,,,,,,,,,19460998-cmu-out.tsv
phosphofructokinase,Protein Family,,,pfam,PF00365,,,PI3K,Protein Family|Protein Complex,,,,P42336,,,positive,,,,,,,,,,,19460998-cmu-out.tsv
senescence,Biological Process,,,mesh,D000375,,,Ras,Protein Family,,,,PF00071,,,positive,,,,,,,,,,,19460998-cmu-out.tsv
DNA_damage,Biological Process,,,mesh,D004249,,,ROS,Chemical,,,,CHEBI:26523,,,positive,,,,,,,,,,,19460998-cmu-out.tsv
proliferation,Biological Process,,,go,GO:0008283,,go:0005694,DNA_damage_checkpoint,Biological Process,,,,GO:0000077,,go:0005694,negative,,,,,cl:CL:0000034,,,,,,19887512-cmu-out.tsv
proliferation,Biological Process,,,go,GO:0008283,,sl-0276,TERC,Protein Family,,,,PF03741,,sl-0276,negative,,,,,cl:CL:0000542,,,,,,19887512-cmu-out.tsv
cell_death,Biological Process,,,go,GO:0008219,,go:0005694,DNA_damage_checkpoint,Biological Process,,,,GO:0000077,,go:0005694,positive,,,,,cl:CL:0000034,,,,,,19887512-cmu-out.tsv
senescence,Biological Process,,,mesh,D000375,,go:0005694,DNA_damage_checkpoint,Biological Process,,,,GO:0000077,,go:0005694,positive,,,,,cl:CL:0000034,,,,,,19887512-cmu-out.tsv
DC,Other,,,uaz,UAZ00261,,sl-0276,dyskerin,Protein,,,,O60832,,sl-0276,positive,,,,,,,,,,,19887512-cmu-out.tsv
DNA_damage,Biological Process,,,mesh,D004249,,sl-0276,oxygen,Chemical,,,,HMDB01377,,sl-0276,positive,,,,,,,,,,,19887512-cmu-out.tsv
apoptosis,Biological Process,,,go,GO:0006915,,sl-0276,p53,Protein,,,,P04637,,sl-0276,positive,,,,,cl:CL:0000312,,,,,,19887512-cmu-out.tsv
senescence,Biological Process,,,mesh,D000375,,sl-0276,p53,Protein,,,,P04637,,sl-0276,positive,,,,,cl:CL:0000312,,,,,,19887512-cmu-out.tsv
localization,Biological Process,,,go,GO:0051179,,go:0015030,TCAB1,Protein,,,,Q9BUR4,,go:0015030,positive,,,,,cl:CL:0000586,,,,,,19887512-cmu-out.tsv
telomerase,Other,,,uaz,UAZ00001,,go:0015030,TCAB1,Protein,,,,Q9BUR4,,go:0015030,positive,,,,,cl:CL:0000586,,,,,,19887512-cmu-out.tsv
DNA_damage_checkpoint,Biological Process,,,go,GO:0000077,,go:0005694,telomerase,Other,,,,UAZ00001,,go:0005694,positive,,,,,cl:CL:0000034,,,,,,19887512-cmu-out.tsv
proliferation,Biological Process,,,go,GO:0008283,,go:0005694,telomerase,Other,,,,UAZ00001,,go:0005694,positive,,,,,cl:CL:0000034,,,,,,19887512-cmu-out.tsv
telomerase,Other,,,uaz,UAZ00001,,sl-0276,TERC,Protein Family,,,,PF03741,,sl-0276,positive,,,,,,,,,,,19887512-cmu-out.tsv
proliferation,Biological Process,,,go,GO:0008283,,sl-0276,TERT,Protein,,,,O14746,,sl-0276,positive,,,,,cl:CL:0000034,,,,,,19887512-cmu-out.tsv
Wnt,Protein Family|Protein Complex,,,be,P04628,,sl-0276,TERT,Protein,,,,O14746,,sl-0276,positive,,,,,cl:CL:0000034,,,,,,19887512-cmu-out.tsv
senescence,Biological Process,,,mesh,D000375,,,Manuel_Serranos_laboratory,Other,,,,UAZ07224,,,negative,,,,,,,,,,,20029423-cmu-out.tsv
proliferation,Biological Process,,,go,GO:0008283,,,stress_response,Biological Process,,,,GO:0006950,,,negative,,,,,cl:CL:0000738,,,,,,20029423-cmu-out.tsv
PIN,Protein,,,uniprot,P63167,,,AKT1,Protein,,,,P31749,,,positive,,,,,,,,,,,20029423-cmu-out.tsv
senescence,Biological Process,,,mesh,D000375,,,Cdkn2a,Protein,,,,P42771,,,positive,,,,,cl:CL:0000893,,,,,,20029423-cmu-out.tsv
senescence,Biological Process,,,mesh,D000375,,,cell_senescence,Biological Process,,,,D000375,,,positive,,,,,,,,,,,20029423-cmu-out.tsv
senescence,Biological Process,,,mesh,D000375,,,HRAS,Protein,,,,P01112,,,positive,,,,,cl:CL:0000542,,,,,,20029423-cmu-out.tsv
MYC,Protein,,,uniprot,P01106,,,INK4A,Other,,,,UAZ00537,,,positive,,,,,,,,,,,20029423-cmu-out.tsv
senescence,Biological Process,,,mesh,D000375,,,INK4A,Other,,,,UAZ00537,,,positive,,,,,cl:CL:0000893,,,,,,20029423-cmu-out.tsv
senescence,Biological Process,,,mesh,D000375,,,Kras,Protein,,,,P01116:[SubstitutionMutant],,,positive,,,,,,,,,,,20029423-cmu-out.tsv
senescence,Biological Process,,,mesh,D000375,,,MAP,Protein,,,,P12872,,,positive,,,,,,,,,,,20029423-cmu-out.tsv
senescence,Biological Process,,,mesh,D000375,,,NRAS,Protein,,,,P01111,,,positive,,,,,cl:CL:0000542,,,,,,20029423-cmu-out.tsv
cell_cycle,Biological Process,,,go,GO:0007049,,,p27,Protein,,,,P40305,,,positive,,,,,cl:CL:0000542,,,,,,20029423-cmu-out.tsv
senescence,Biological Process,,,mesh,D000375,,,p38,Protein Family|Protein Complex,,,,Q16539,,,positive,,,,,,,,,,,20029423-cmu-out.tsv
cell_senescence,Biological Process,,,mesh,D000375,,,p53,Protein,,,,P04637,,,positive,,,,,,,,,,,20029423-cmu-out.tsv
MYC,Protein,,,uniprot,P01106,,,p53,Protein,,,,P04637,,,positive,,,,,,,,,,,20029423-cmu-out.tsv
senescence,Biological Process,,,mesh,D000375,,,Ras,Protein Family,,,,PF00071,,,positive,,,,,,,,,,,20029423-cmu-out.tsv
senescence,Biological Process,,,mesh,D000375,,,Ras_family,Protein Family|Protein Complex,,,,RAS,,,positive,,,,,cl:CL:0000542,,,,,,20029423-cmu-out.tsv
ARE_enhancer,Other,,,uaz,UAZ14075,,go:0005634,Bach1,Protein,,,,O14867,,go:0005634,negative,,,,,,,,,,,22286106-cmu-out.tsv
PTEN,Protein,,,uniprot,P60484,,,peroxiredoxin,Protein,,,,P32119,,,negative,,,,,,,,,,,22286106-cmu-out.tsv
ATM,Protein,,,uniprot,Q13315,,,phosphatase,Protein Family,,,,PF15698,,,negative,,,,,,,,,,,22286106-cmu-out.tsv
PIP3,Chemical,,,hmdb,HMDB10147,,go:0016020,phosphatase,Protein Family,,,,PF15698,,go:0016020,negative,,,,,,,,,,,22286106-cmu-out.tsv
PP5,Protein,,,uniprot,P48307,,,phosphatase,Protein Family,,,,PF15698,,,negative,,,,,,,,,,,22286106-cmu-out.tsv
JNK,Protein Family|Protein Complex,,,be,P45983,,go:0005739,ROS,Chemical,,,,CHEBI:26523,,go:0005739,negative,,,,,,,,,,,22286106-cmu-out.tsv
phosphatase,Protein Family,,,pfam,PF15698,,,ROS,Chemical,,,,CHEBI:26523,,,negative,,,,,,,,,,,22286106-cmu-out.tsv
PTPs,Protein,,,uniprot,Q03393,,,ROS,Chemical,,,,CHEBI:26523,,,negative,,,,,,,,,,,22286106-cmu-out.tsv
p38,Protein Family|Protein Complex,,,be,Q16539,,,ASK1,Protein,,,,Q99683,,,positive,,,,,cl:CL:2000042,,,,,,22286106-cmu-out.tsv
ASK1,Protein,,,uniprot,Q99683,,,ASK2,Protein,,,,O95382,,,positive,,,,,cl:CL:2000042,,,,,,22286106-cmu-out.tsv
ASK2,Protein,,,uniprot,O95382,,,ASK2,Protein,,,,O95382,,,positive,,,,,cl:CL:2000042,,,,,,22286106-cmu-out.tsv
ATM,Protein,,,uniprot,Q13315,,,ATM,Protein,,,,Q13315,,,positive,,,,,,,,,,,22286106-cmu-out.tsv
liver_kinase_B1,Protein,,,uniprot,Q15831,,,ATM,Protein,,,,Q13315,,,positive,,,,,,,,,,,22286106-cmu-out.tsv
ATM,Protein,,,uniprot,Q13315,,,"ATM1,_ATM1","Protein, Protein",,,,"Q13315, Q13315",,,positive,,,,,,,,,,,22286106-cmu-out.tsv
RTKs,Other,,,uaz,UAZ00201,,go:0016020,Growth_Factor,Protein,,,,Q776B5,,go:0016020,positive,,,,,,,,,,,22286106-cmu-out.tsv
RTKs,Other,,,uaz,UAZ00201,,go:0016020,insulin,Protein,,,,P01308,,go:0016020,positive,,,,,,,,,,,22286106-cmu-out.tsv
LKB1,Protein,,,uniprot,Q15831,,,LKB1,Protein,,,,Q15831,,,positive,,,,,,,,,,,22286106-cmu-out.tsv
MAPK,Protein Family|Protein Complex,,,be,P27361,,,MAPK_kinase,Protein Family|Protein Complex,,,,MAP2K,,,positive,,,,,,,,,,,22286106-cmu-out.tsv
ATM,Protein,,,uniprot,Q13315:[SubstitutionMutant],,,MRN,Protein,,,,O60934,,,positive,,,,,,,,,,,22286106-cmu-out.tsv
apoptosis,Biological Process,,,go,GO:0006915,,go:0005739,p66shc,Other,,,,UAZ10300,,go:0005739,positive,,,,,,,,,,,22286106-cmu-out.tsv
dimers,Other,,,uaz,UAZ00479,,go:0016020,PI3K,Protein Family|Protein Complex,,,,P42336,,go:0016020,positive,,,,,,,,,,,22286106-cmu-out.tsv
p66Shc,Other,,,uaz,UAZ10300,,go:0005737,PKCbeta,Protein,,,,P05771,,go:0005737,positive,,,,,,,,,,,22286106-cmu-out.tsv
p66Shc,Other,,,uaz,UAZ10300,,go:0005739,Rac1,Protein,,,,P63000,,go:0005739,positive,,,,,,,,,,,22286106-cmu-out.tsv
AP1_transcription_factor,Protein Family,,,interpro,IPR000837,,,Ref1,Protein,,,,P27695,,,positive,,,,,,,,,,,22286106-cmu-out.tsv
ASK1,Protein,,,uniprot,Q99683,,,ROS,Chemical,,,,CHEBI:26523,,,positive,,,,,cl:CL:2000042,,,,,,22286106-cmu-out.tsv
ATM,Protein,,,uniprot,Q13315,,,ROS,Chemical,,,,CHEBI:26523,,,positive,,,,,,,,,,,22286106-cmu-out.tsv
IRP2IRE_binding_[,Other,,,uaz,UAZ14037,,,ROS,Chemical,,,,CHEBI:26523,,,positive,,,,,,,,,,,22286106-cmu-out.tsv
MAPK,Protein Family|Protein Complex,,,be,P27361,,go:0005739,ROS,Chemical,,,,CHEBI:26523,,go:0005739,positive,,,,,cl:CL:2000042,,,,,,22286106-cmu-out.tsv
metastasis,Biological Process,,,mesh,D009362,,,ROS,Chemical,,,,CHEBI:26523,,,positive,,,,,,,,,,,22286106-cmu-out.tsv
p38,Protein Family|Protein Complex,,,be,Q16539,,,ROS,Chemical,,,,CHEBI:26523,,,positive,,,,,cl:CL:2000042,,,,,,22286106-cmu-out.tsv
p66shc,Other,,,uaz,UAZ10300,,go:0005739,ROS,Chemical,,,,CHEBI:26523,,go:0005739,positive,,,,,,,,,,,22286106-cmu-out.tsv
PKG1alpha,Other,,,uaz,UAZ14073,,go:0005739,ROS,Chemical,,,,CHEBI:26523,,go:0005739,positive,,,,,cl:CL:2000042,,,,,,22286106-cmu-out.tsv
sensor,Protein Family,,,pfam,PF13796,,go:0005739,ROS,Chemical,,,,CHEBI:26523,,go:0005739,positive,,,,,cl:CL:2000042,,,,,,22286106-cmu-out.tsv
AMPK,Protein Family|Protein Complex,,,be,Q13131,,,sclerosis_complex_2,Other,,,,UAZ11262,,,positive,,,,,,,,,,,22286106-cmu-out.tsv
Ref1,Protein,,,uniprot,P27695,,go:0005634,transcription,Biological Process,,,,GO:0006351,,go:0005634,positive,,,,,,,,,,,22286106-cmu-out.tsv
AMPK,Protein Family|Protein Complex,,,be,Q13131,,,TSC2,Protein,,,,P49815,,,positive,,,,,,,,,,,22286106-cmu-out.tsv
RTKs,Other,,,uaz,UAZ00201,,go:0016020,Vascular_Endothelial_Growth_Factor,Protein Family|Protein Complex,,,,VEGF,,go:0016020,positive,,,,,,,,,,,22286106-cmu-out.tsv
early_gene_products,Other,,,uaz,UAZ06024,,,EGFR,Protein,,,,P00533,,,negative,,,,,,,,,,,20602996-cmu-out.tsv
EGF,Protein,,,uniprot,P01133,,,FOSL1,Protein,,,,P15407,,,negative,,,,,,,,,,,20602996-cmu-out.tsv
transcription,Biological Process,,,go,GO:0006351,,,FOSL1,Protein,,,,P15407,,,negative,,,,,,,,,,,20602996-cmu-out.tsv
EGF,Protein,,,uniprot,P01133,,,ID2,Protein,,,,Q02363,,,negative,,,,,,,,,,,20602996-cmu-out.tsv
transcription,Biological Process,,,go,GO:0006351,,,ID2,Protein,,,,Q02363,,,negative,,,,,,,,,,,20602996-cmu-out.tsv
EGF,Protein,,,uniprot,P01133,,,JUNB,Protein,,,,P17275,,,negative,,,,,,,,,,,20602996-cmu-out.tsv
transcription,Biological Process,,,go,GO:0006351,,,JUNB,Protein,,,,P17275,,,negative,,,,,,,,,,,20602996-cmu-out.tsv
EGF,Protein,,,uniprot,P01133,,go:0016020,PKC,Protein Family|Protein Complex,,,,P17252,,go:0016020,negative,,,,,,,,,,,20602996-cmu-out.tsv
EGFR,Protein,,,uniprot,P00533,,go:0016020,PKC,Protein Family|Protein Complex,,,,P17252,,go:0016020,negative,,,,,,,,,,,20602996-cmu-out.tsv
RTKs,Other,,,uaz,UAZ00201,,,PTPs,Protein,,,,Q03393,,,negative,,,,,,,,,,,20602996-cmu-out.tsv
PTP,Protein,,,uniprot,P05451,,,ROS,Chemical,,,,CHEBI:26523,,,negative,,,,,,,,,,,20602996-cmu-out.tsv
cFos,Other,,,uaz,UAZ00095,,,cFos,Other,,,,UAZ00095,,,positive,,,,,,,,,,,20602996-cmu-out.tsv
endocytosis,Biological Process,,,go,GO:0006897,,go:0005886 ++++ go:go:0009986,clathrin,Protein Family|Protein Complex,,,,Clathrin,,go:0005886 ++++ go:go:0009986,positive,,,,,,,,,,,20602996-cmu-out.tsv
DDR1,Protein,,,uniprot,Q08345,,go:0016020,collagen,Protein Family,,,,PF01391,,go:0016020,positive,,,,,,,,,,,20602996-cmu-out.tsv
DDR2,Protein,,,uniprot,Q16832,,go:0016020,collagen,Protein Family,,,,PF01391,,go:0016020,positive,,,,,,,,,,,20602996-cmu-out.tsv
Discoidin_Domain_Receptors,Protein Family|Protein Complex,,,be,DDR,,go:0016020,collagen,Protein Family,,,,PF01391,,go:0016020,positive,,,,,,,,,,,20602996-cmu-out.tsv
"{Shc,_heparinbinding_EGFlike_growth_factor}","{Protein, Protein}",,,"{uniprot, uniprot}","{P29353, Q99075}",,go:0016020,EGFR,Protein,,,,P00533,,go:0016020,positive,,,,,,,,,,,20602996-cmu-out.tsv
"{Src,_heparinbinding_EGFlike_growth_factor}","{Protein Family|Protein Complex, Protein}",,,"{be, uniprot}","{P12931, Q99075}",,go:0016020,EGFR,Protein,,,,P00533,,go:0016020,positive,,,,,,,,,,,20602996-cmu-out.tsv
Argos,Protein Family,,,pfam,PF11581,,,EGFR,Protein,,,,P00533,,,positive,,,,,,,,,,,20602996-cmu-out.tsv
proteinkinaseC,Protein,,,uniprot,P13678,,,EGFR,Protein,,,,P00533,,,positive,,,,,,,,,,,20602996-cmu-out.tsv
Rap1,Protein,,,uniprot,Q9NYB0,,,EGFR,Protein,,,,P00533,,,positive,,,,,,,,,,,20602996-cmu-out.tsv
ErbB_receptors,Other,,,uaz,UAZ03172,,,ErbB,Protein,,,,P00533,,,positive,,,,,,,,,,,20602996-cmu-out.tsv
PLCgamma_1,Other,,,uaz,UAZ06044,,,FGFR1,Protein,,,,P11362,,,positive,,,,,,,,,,,20602996-cmu-out.tsv
ID2,Protein,,,uniprot,Q02363,,,immediate_early_gene_products,Other,,,,UAZ06019,,,positive,,,,,,,,,,,20602996-cmu-out.tsv
differentiation,Biological Process,,,go,GO:0030154,,,MAPK,Protein Family|Protein Complex,,,,P27361,,,positive,,,,,,,,,,,20602996-cmu-out.tsv
docking,Protein Family,,,pfam,PF08990,,go:0016020,MAPK,Protein Family|Protein Complex,,,,P27361,,go:0016020,positive,,,,,,,,,,,20602996-cmu-out.tsv
FRS2,Protein,,,uniprot,Q8WU20,,,MAPK,Protein Family|Protein Complex,,,,P27361,,,positive,,,,,,,,,,,20602996-cmu-out.tsv
Gab1,Protein,,,uniprot,Q13480,,go:0016020,MAPK,Protein Family|Protein Complex,,,,P27361,,go:0016020,positive,,,,,,,,,,,20602996-cmu-out.tsv
IRS1,Protein,,,uniprot,P35568,,,MAPK,Protein Family|Protein Complex,,,,P27361,,,positive,,,,,,,,,,,20602996-cmu-out.tsv
proliferation,Biological Process,,,go,GO:0008283,,,MAPK,Protein Family|Protein Complex,,,,P27361,,,positive,,,,,,,,,,,20602996-cmu-out.tsv
Raf,Protein Family|Protein Complex,,,be,RAF,,go:0016020,MAPK,Protein Family|Protein Complex,,,,P27361,,go:0016020,positive,,,,,,,,,,,20602996-cmu-out.tsv
RafMAPK,Other,,,uaz,UAZ06025,,,MAPK,Protein Family|Protein Complex,,,,P27361,,,positive,,,,,,,,,,,20602996-cmu-out.tsv
Sos,Protein Family|Protein Complex,,,be,SOS,,go:0016020,MAPK,Protein Family|Protein Complex,,,,P27361,,go:0016020,positive,,,,,,,,,,,20602996-cmu-out.tsv
oxygen,Chemical,,,hmdb,HMDB01377,,,NADPHoxidase,Protein Family|Protein Complex,,,,NADPH_oxidase,,,positive,,,,,,,,,,,20602996-cmu-out.tsv
Raf,Protein Family|Protein Complex,,,be,RAF,,,NGF,Protein,,,,P01138,,,positive,,,,,,,,,,,20602996-cmu-out.tsv
Rap,Protein,,,uniprot,P30533,,,NGF,Protein,,,,P01138,,,positive,,,,,,,,,,,20602996-cmu-out.tsv
PxxPbinding_modes,Other,,,uaz,UAZ06029,,,p47,Protein,,,,P08567,,,positive,,,,,,,,,,,20602996-cmu-out.tsv
STAT3,Protein,,,uniprot,P40763,,go:0005768,PDGF,Protein Family|Protein Complex,,,,PDGF,,go:0005768,positive,,,,,,,,,,,20602996-cmu-out.tsv
STAT3,Protein,,,uniprot,P40763,,go:0005768,PDGF_receptor,Other,,,,UAZ01211,,go:0005768,positive,,,,,,,,,,,20602996-cmu-out.tsv
oxygen,Chemical,,,hmdb,HMDB01377,,,PI3,Protein Family|Protein Complex,,,,P42336,,,positive,,,,,,,,,,,20602996-cmu-out.tsv
EGFR,Protein,,,uniprot,P00533,,,PTPs,Protein,,,,Q03393,,,positive,,,,,,,,,,,20602996-cmu-out.tsv
oxygen,Chemical,,,hmdb,HMDB01377,,,Rac,Protein,,,,P31749,,,positive,,,,,,,,,,,20602996-cmu-out.tsv
EGFR,Other,,,uaz,UAZ06096,,go:0009986,RasMAPK,Other,,,,UAZ00473,,go:0009986,positive,,,,,,,,,,,20602996-cmu-out.tsv
RTKs,Other,,,uaz,UAZ00201,,go:0018995,RTKs,Other,,,,UAZ00201,,go:0018995,positive,,,,,,,,,,,20602996-cmu-out.tsv
FGFR1,Protein,,,uniprot,P11362,,,SH2,Protein Family,,,,PF00017,,,positive,,,,,,,,,,,20602996-cmu-out.tsv
Rap1,Protein,,,uniprot,Q9NYB0,,,TrkA,Protein,,,,P04629,,,positive,,,,,,,,,,,20602996-cmu-out.tsv
Ras,Protein Family,,,pfam,PF00071,,,TrkA,Protein,,,,P04629,,,positive,,,,,,,,,,,20602996-cmu-out.tsv
metastasis,Biological Process,,,mesh,D009362,,,antiTNFalpha,Other,,,,UAZ00511,,,negative,,,,,,,,,,,25337577-cmu-out.tsv
apoptosis,Biological Process,,,go,GO:0006915,,,NAD(P)H_oxidase,Protein Family|Protein Complex,,,,NADPH_oxidase,,,negative,,,,,,,,,,,25337577-cmu-out.tsv
oxygen,Chemical,,,hmdb,HMDB01377,,,NAD(P)H_oxidase,Protein Family|Protein Complex,,,,NADPH_oxidase,,,negative,,,,,,,,,,,25337577-cmu-out.tsv
metastasis,Biological Process,,,mesh,D009362,,,necrosis,Biological Process,,,,D009336,,,negative,,,,,,,,,,,25337577-cmu-out.tsv
apoptosis,Biological Process,,,go,GO:0006915,,,oxygen,Chemical,,,,HMDB01377,,,negative,,,,,,,,,,,25337577-cmu-out.tsv
EMT,Protein,,,uniprot,O75751,,,PTP1B,Protein,,,,P18031,,,negative,,,,,,,,,,,25337577-cmu-out.tsv
EMT,Protein,,,uniprot,O75751,,,ROS,Chemical,,,,CHEBI:26523,,,negative,,,,,,,,,,,25337577-cmu-out.tsv
PTP1B,Protein,,,uniprot,P18031,,,ROS,Chemical,,,,CHEBI:26523,,,negative,,,,,,,,,,,25337577-cmu-out.tsv
angiogenesis,Biological Process,,,go,GO:0001525,,,CXCL12,Protein,,,,P48061,,,positive,,,,,,,,,,,25337577-cmu-out.tsv
Int_J_Cancer_2009_124_85361,Other,,,uaz,UAZ00550,,,CXCL12,Protein,,,,P48061,,,positive,,,,,,,,,,,25337577-cmu-out.tsv
invasiveness,Biological Process,,,mesh,D009361,,,CXCL12,Protein,,,,P48061,,,positive,,,,,,,,,,,25337577-cmu-out.tsv
angiogenesis,Biological Process,,,go,GO:0001525,,,IL8,Other,,,,UAZ00513,,,positive,,,,,,,,,,,25337577-cmu-out.tsv
Int_J_Cancer_2009_124_85361,Other,,,uaz,UAZ00550,,,IL8,Other,,,,UAZ00513,,,positive,,,,,,,,,,,25337577-cmu-out.tsv
invasiveness,Biological Process,,,mesh,D009361,,,IL8,Other,,,,UAZ00513,,,positive,,,,,,,,,,,25337577-cmu-out.tsv
NOX,Protein,,,uniprot,Q9Y5S8,,go:0031012,ECM,Protein,,,,Q13201,,go:0031012,positive,,,,,,,,,,,25337577-cmu-out.tsv
ROS,Chemical,,,chebi,CHEBI:26523,,go:0031012,ECM,Protein,,,,Q13201,,go:0031012,positive,,,,,,,,,,,25337577-cmu-out.tsv
NOX,Protein,,,uniprot,Q9Y5S8,,,fibronectin,Protein,,,,P02751,,,positive,,,,,,,,,,,25337577-cmu-out.tsv
NOX4,Protein,,,uniprot,Q9NPH5,,,IGF2,Protein,,,,P01344,,,positive,,,,,,,,,,,25337577-cmu-out.tsv
Socs3,Protein,,,uniprot,O14543,,,IL6,Protein,,,,P05231,,,positive,,,,,,,,,,,25337577-cmu-out.tsv
Stat3,Protein,,,uniprot,P40763,,,IL6,Protein,,,,P05231,,,positive,,,,,,,,,,,25337577-cmu-out.tsv
STAT3,Protein,,,uniprot,P40763,,,IL6,Protein,,,,P05231,,,positive,,,,,cl:CL:0000738,,,,,,25337577-cmu-out.tsv
invasiveness,Biological Process,,,mesh,D009361,,,IL8,Protein,,,,P10145,,,positive,,,,,,,,,,,25337577-cmu-out.tsv
MAPK,Protein Family|Protein Complex,,,be,P27361,,,IL8,Protein,,,,P10145,,,positive,,,,,,,,,,,25337577-cmu-out.tsv
matrix_metalloproteinase2,Protein,,,uniprot,P08253,,,IL8,Protein,,,,P10145,,,positive,,,,,,,,,,,25337577-cmu-out.tsv
neuropilin2,Protein,,,uniprot,O60462,,,IL8,Protein,,,,P10145,,,positive,,,,,,,,,,,25337577-cmu-out.tsv
VEGF,Protein,,,uniprot,P15692,,,IL8,Protein,,,,P10145,,,positive,,,,,,,,,,,25337577-cmu-out.tsv
VEGF_receptor,Protein Family|Protein Complex,,,be,P17948,,,IL8,Protein,,,,P10145,,,positive,,,,,,,,,,,25337577-cmu-out.tsv
neuropilin,Protein Family,,,interpro,IPR014648,,,Interleukin8,Protein,,,,P10145,,,positive,,,,,,,,,,,25337577-cmu-out.tsv
NOX,Protein,,,uniprot,Q9Y5S8,,,laminin,Other,,,,UAZ00123,,,positive,,,,,,,,,,,25337577-cmu-out.tsv
cell_survival,Biological Process,,,mesh,D002470,,,NADPH_oxidase,Protein Family|Protein Complex,,,,NADPH_oxidase,,,positive,,,,,,,,,,,25337577-cmu-out.tsv
Jak2,Protein,,,uniprot,O60674,,,"NADPH_oxidase1,_KD1","Protein Family|Protein Complex, Chemical",,,,"NADPH_oxidase, 6426943",,,positive,,,,,,,,,,,25337577-cmu-out.tsv
ROS,Chemical,,,chebi,CHEBI:26523,,go:0031012,NOX,Protein,,,,Q9Y5S8,,go:0031012,positive,,,,,,,,,,,25337577-cmu-out.tsv
JAK,Other,,,uaz,UA-BP-GGP-00072,,go:0031012,p38_mitogenactivated_protein_kinases,Other,,,,UAZ00546,,go:0031012,positive,,,,,,,,,,,25337577-cmu-out.tsv
janus,Protein Family,,,interpro,IPR007702,,go:0031012,p38_mitogenactivated_protein_kinases,Other,,,,UAZ00546,,go:0031012,positive,,,,,,,,,,,25337577-cmu-out.tsv
STAT,Protein,,,uniprot,P35610,,go:0031012,p38_mitogenactivated_protein_kinases,Other,,,,UAZ00546,,go:0031012,positive,,,,,,,,,,,25337577-cmu-out.tsv
cell_growth,Biological Process,,,go,GO:0016049,,,rac,Protein,,,,P31749,,,positive,,,,,cl:CL:0000066,,,,,,25337577-cmu-out.tsv
ROS,Chemical,,,chebi,CHEBI:26523,,,rac,Protein,,,,P31749,,,positive,,,,,cl:CL:0000066,,,,,,25337577-cmu-out.tsv
autophagy,Biological Process,,,go,GO:0006914,,,RAGE,Protein,,,,Q15109,,,positive,,,,,,,,,,,25337577-cmu-out.tsv
JAK,Other,,,uaz,UA-BP-GGP-00072,,go:0031012,ROS,Chemical,,,,CHEBI:26523,,go:0031012,positive,,,,,,,,,,,25337577-cmu-out.tsv
JAK2,Other,,,uaz,UAZ00556,,,ROS,Chemical,,,,CHEBI:26523,,,positive,,,,,cl:CL:0000622,,,,,,25337577-cmu-out.tsv
janus,Protein Family,,,interpro,IPR007702,,go:0031012,ROS,Chemical,,,,CHEBI:26523,,go:0031012,positive,,,,,,,,,,,25337577-cmu-out.tsv
MAPK,Protein Family|Protein Complex,,,be,P27361,,,ROS,Chemical,,,,CHEBI:26523,,,positive,,,,,cl:CL:0000622,,,,,,25337577-cmu-out.tsv
NFkappaB,Protein Family|Protein Complex,,,be,P19838,,,ROS,Chemical,,,,CHEBI:26523,,,positive,,,,,cl:CL:0000622,,,,,,25337577-cmu-out.tsv
p38_MAPK,Protein Family|Protein Complex,,,be,Q16539,,go:0031012,ROS,Chemical,,,,CHEBI:26523,,go:0031012,positive,,,,,cl:CL:0000622,,,,,,25337577-cmu-out.tsv
p38_mitogenactivated_protein_kinases,Other,,,uaz,UAZ00546,,go:0031012,ROS,Chemical,,,,CHEBI:26523,,go:0031012,positive,,,,,,,,,,,25337577-cmu-out.tsv
STAT,Protein,,,uniprot,P35610,,go:0031012,ROS,Chemical,,,,CHEBI:26523,,go:0031012,positive,,,,,,,,,,,25337577-cmu-out.tsv
STAT3,Protein,,,uniprot,P40763,,,ROS,Chemical,,,,CHEBI:26523,,,positive,,,,,cl:CL:0000622,,,,,,25337577-cmu-out.tsv
transcription,Biological Process,,,go,GO:0006351,,go:0031012,ROS,Chemical,,,,CHEBI:26523,,go:0031012,positive,,,,,,,,,,,25337577-cmu-out.tsv
angiogenesis,Biological Process,,,go,GO:0001525,,,SDF1alpha,Other,,,,UAZ00535,,,positive,,,,,,,,,,,25337577-cmu-out.tsv
Int_J_Cancer_2009_124_85361,Other,,,uaz,UAZ00550,,,SDF1alpha,Other,,,,UAZ00535,,,positive,,,,,,,,,,,25337577-cmu-out.tsv
invasiveness,Biological Process,,,mesh,D009361,,,SDF1alpha,Other,,,,UAZ00535,,,positive,,,,,,,,,,,25337577-cmu-out.tsv
dedifferentiation,Biological Process,,,go,GO:0043696,,,STAT3,Protein,,,,P40763,,,positive,,,,,cl:CL:0000622,,,,,,25337577-cmu-out.tsv
cell_proliferation,Biological Process,,,go,GO:0008283,,,TNFalpha,Protein,,,,P01375,,,positive,,,,,,,,,,,25337577-cmu-out.tsv
invasiveness,Biological Process,,,mesh,D009361,,,TNFalpha,Protein,,,,P01375,,,positive,,,,,,,,,,,25337577-cmu-out.tsv
metastasis,Biological Process,,,mesh,D009362,,,TNFalpha,Protein,,,,P01375,,,positive,,,,,,,,,,,25337577-cmu-out.tsv
peroxidase,Protein Family,,,pfam,PF00141,,,hydrogen_peroxide,Chemical,,,,HMDB01377,,,negative,,,,,,,,,,,16452206-cmu-out.tsv
cell_proliferation,Biological Process,,,go,GO:0008283,,,IGFI,Protein,,,,P05019,,,negative,,,,,,,,,,,16452206-cmu-out.tsv
IGFI,Protein,,,uniprot,P05019,,,monoclonal_antibody,Other,,,,UAZ02854,,,negative,,,,,,,,,,,16452206-cmu-out.tsv
Akt,Protein Family|Protein Complex,,,be,"P31749,P31751",,,mTOR,Protein,,,,P42345,,,negative,,,,,,,,,,,16452206-cmu-out.tsv
Akt,Protein Family|Protein Complex,,,be,"P31749,P31751",,,mTOR,Protein,,,,P42345,,,negative,,,,,,,,,,,16452206-cmu-out.tsv
IGFI,Protein,,,uniprot,P05019,,,mTOR,Protein,,,,P42345,,,negative,,,,,,,,,,,16452206-cmu-out.tsv
insulin_receptor_substrate1,Protein,,,uniprot,P35568,,,mTOR,Protein,,,,P42345,,,negative,,,,,,,,,,,16452206-cmu-out.tsv
PI3K,Protein Family|Protein Complex,,,be,P42336,,,mTOR,Protein,,,,P42345,,,negative,,,,,,,,,,,16452206-cmu-out.tsv
IRS1,Protein,,,uniprot,P35568,,,p70,Protein,,,,P08133,,,negative,,,,,,,,,,,16452206-cmu-out.tsv
Akt,Protein Family|Protein Complex,,,be,"P31749,P31751",,,"rapamycin1,_IGFI_receptor1","Chemical, Protein",,,,"5284616, P08069",,,negative,,,,,,,,,,,16452206-cmu-out.tsv
Akt,Protein Family|Protein Complex,,,be,"P31749,P31751",,,epidermal_growth_factor_receptor,Protein,,,,P00533,,,positive,,,,,,,,,,,16452206-cmu-out.tsv
PI3K,Protein Family|Protein Complex,,,be,P42336,,,epidermal_growth_factor_receptor,Protein,,,,P00533,,,positive,,,,,,,,,,,16452206-cmu-out.tsv
Akt,Protein Family|Protein Complex,,,be,"P31749,P31751",,,IGFI,Protein,,,,P05019,,,positive,,,,,,,,,,,16452206-cmu-out.tsv
mTOR,Protein,,,uniprot,P42345,,,IGFI,Protein,,,,P05019,,,positive,,,,,,,,,,,16452206-cmu-out.tsv
pAkt,Protein,,,uniprot,P54644,,,IGFI,Protein,,,,P05019,,,positive,,,,,,,,,,,16452206-cmu-out.tsv
PI3K,Other,,,uaz,UAZ02861,,,IGFI,Protein,,,,P05019,,,positive,,,,,,,,,,,16452206-cmu-out.tsv
PI3K,Protein Family|Protein Complex,,,be,P42336,,,IGFIR,Other,,,,UAZ02837,,,positive,,,,,,,,,,,16452206-cmu-out.tsv
Akt,Other,,,uaz,UAZ02859,,,insulin,Protein,,,,P01308,,,positive,,,,,,,,,,,16452206-cmu-out.tsv
PI3K,Other,,,uaz,UAZ02861,,,insulin,Protein,,,,P01308,,,positive,,,,,,,,,,,16452206-cmu-out.tsv
Akt,Other,,,uaz,UAZ02859,,,insulinlike_growth_factor_I,Protein,,,,P05019,,,positive,,,,,,,,,,,16452206-cmu-out.tsv
Akt,Protein Family|Protein Complex,,,be,"P31749,P31751",,,IRS1,Protein,,,,P35568.a,,,positive,,,,,,,,,,,16452206-cmu-out.tsv
Akt,Protein Family|Protein Complex,,,be,"P31749,P31751",,,mTOR,Protein,,,,P42345,,,positive,,,,,,,,,,,16452206-cmu-out.tsv
IRS1,Protein,,,uniprot,P35568,,,mTOR,Protein,,,,P42345,,,positive,,,,,,,,,,,16452206-cmu-out.tsv
IRS1,Protein,,,uniprot,P35568,,,p70,Protein,,,,P08133,,,positive,,,,,,,,,,,16452206-cmu-out.tsv
IRS1,Protein,,,uniprot,P35568,,,p70,Protein,,,,P08133,,,positive,,,,,,,,,,,16452206-cmu-out.tsv
p53,Protein,,,uniprot,P04637:[GenericMutant],,,AID,Protein,,,,Q9GZX7,,,negative,,,,,,,,,,,20303878-cmu-out.tsv
inflammation,Biological Process,,,go,GO:0006954,,,Autophagy,Biological Process,,,,GO:0006914,,,negative,,,,,,,,,,,20303878-cmu-out.tsv
necrosis,Biological Process,,,mesh,D009336,,,Autophagy,Biological Process,,,,GO:0006914,,,negative,,,,,,,,,,,20303878-cmu-out.tsv
apoptosis,Biological Process,,,go,GO:0006915,,,IkappaBkinase_beta,Protein,,,,O14920,,,negative,,,,,,,,,,,20303878-cmu-out.tsv
proliferation,Biological Process,,,go,GO:0008283,,,IkappaBkinase_beta,Protein,,,,O14920,,,negative,,,,,,,,,,,20303878-cmu-out.tsv
metastasis,Biological Process,,,mesh,D009362,,,infiltration,Biological Process,,,,D009361,,,negative,,,,,cl:CL:0000084,,,,,,20303878-cmu-out.tsv
cell_death,Biological Process,,,go,GO:0008219,,,inflammation,Biological Process,,,,GO:0006954,,,negative,,,,,,,,,,,20303878-cmu-out.tsv
TNFalpha,Protein,,,uniprot,P01375,,,Kitamura_K,Other,,,,UAZ16159,,,negative,,,,,cl:CL:0000034,,,,,,20303878-cmu-out.tsv
cyclin_D,Protein Family|Protein Complex,,,be,Cyclin_D,,,NFkappaB,Protein Family|Protein Complex,,,,P19838,,,negative,,,,,cl:CL:0000584,,,,,,20303878-cmu-out.tsv
IL6,Protein,,,uniprot,P05231,,,NFkappaB,Protein Family|Protein Complex,,,,P19838,,,negative,,,,,cl:CL:0009002,,,,,,20303878-cmu-out.tsv
inflammation,Biological Process,,,go,GO:0006954,,,NFkappaB,Protein Family|Protein Complex,,,,P19838,,,negative,,,,,,,,,,,20303878-cmu-out.tsv
necrosis,Biological Process,,,mesh,D009336,,,NFkappaB,Protein Family|Protein Complex,,,,P19838,,,negative,,,,,cl:CL:0009002,,,,,,20303878-cmu-out.tsv
p53,Protein,,,uniprot,P04637,,,NFkappaB,Protein Family|Protein Complex,,,,P19838,,,negative,,,,,cl:CL:0000584,,,,,,20303878-cmu-out.tsv
immunity,Biological Process,,,go,GO:0006955,,,Stat3,Protein,,,,P40763,,,negative,,,,,,,,,,,20303878-cmu-out.tsv
p53,Protein,,,uniprot,P04637,,,STAT3,Protein,,,,P40763,,,negative,,,,,cl:CL:0000584,,,,,,20303878-cmu-out.tsv
proliferation,Biological Process,,,go,GO:0008283,,,TGFbeta,Protein Family|Protein Complex,,,,P01137,,,negative,,,,,cl:CL:0000084,,,,,,20303878-cmu-out.tsv
genomic_instability,Biological Process,,,mesh,D042822,,,AID,Protein,,,,Q9GZX7,,,positive,,,,,cl:CL:0000236,,,,,,20303878-cmu-out.tsv
caspases,Protein Family|Protein Complex,,,be,Q14790,,,AP1,Protein Family|Protein Complex,,,,P05412,,,positive,,,,,cl:CL:0000738,,,,,,20303878-cmu-out.tsv
cell_survival,Biological Process,,,mesh,D002470,,,Autophagy,Biological Process,,,,GO:0006914,,,positive,,,,,,,,,,,20303878-cmu-out.tsv
invasiveness,Biological Process,,,mesh,D009361,,go:0031012,CCR1,Protein,,,,P32246,,go:0031012,positive,,,,,cl:CL:0009002,,,,,,20303878-cmu-out.tsv
Shojaei_F,Other,,,uaz,UAZ16085,,,CD11bGr1,Other,,,,UAZ07555,,,positive,,,,,cl:CL:0000763,,,,,,20303878-cmu-out.tsv
metastasis,Biological Process,,,mesh,D009362,,,CD4,Protein,,,,P01730,,,positive,,,,,cl:CL:0000084 ++++ cl:CL:0000899,,,,,,20303878-cmu-out.tsv
inflammation,Biological Process,,,go,GO:0006954,,,cell_death,Biological Process,,,,GO:0008219,,,positive,,,,,,,,,,,20303878-cmu-out.tsv
inflammation,Biological Process,,,go,GO:0006954,,,cell_senescence,Biological Process,,,,D000375,,,positive,,,,,cl:CL:0000738,,,,,,20303878-cmu-out.tsv
inflammatory_response,Biological Process,,,go,GO:0006954,,,death,Protein Family,,,,PF00531,,,positive,,,,,cl:CL:0000451,,,,,,20303878-cmu-out.tsv
inflammation,Biological Process,,,go,GO:0006954,,,DNA_damage,Biological Process,,,,D004249,,,positive,,,,,cl:CL:0000034,,,,,,20303878-cmu-out.tsv
necrotic_cell_death,Biological Process,,,mesh,D009336,,,DNA_damage,Biological Process,,,,D004249,,,positive,,,,,cl:CL:0000034,,,,,,20303878-cmu-out.tsv
cell_death,Biological Process,,,go,GO:0008219,,,E3_ubiquitin_ligase,Protein Family,,,,PF12483,,,positive,,,,,,,,,,,20303878-cmu-out.tsv
cFLIP,Protein,,,uniprot,O15519,,,E3_ubiquitin_ligase,Protein Family,,,,PF12483,,,positive,,,,,,,,,,,20303878-cmu-out.tsv
STAT3,Protein,,,uniprot,P40763,,,EGFR,Protein,,,,P00533,,,positive,,,,,,,,,,,20303878-cmu-out.tsv
cell_survival,Biological Process,,,mesh,D002470,,,epiregulin,Protein,,,,O14944,,,positive,,,,,cl:CL:0000084,,,,,,20303878-cmu-out.tsv
DNA_repair,Biological Process,,,go,GO:0006281,,,exonuclease,Protein Family,,,,PF00929,,,positive,,,,,cl:CL:0000763,,,,,,20303878-cmu-out.tsv
apoptosis,Biological Process,,,go,GO:0006915,,go:0016020,Fas,Protein,,,,P25445,,go:0016020,positive,,,,,cl:CL:0000235,,,,,,20303878-cmu-out.tsv
DNA_repair,Biological Process,,,go,GO:0006281,,,Fen1,Protein,,,,P39748,,,positive,,,,,cl:CL:0000763,,,,,,20303878-cmu-out.tsv
Stat3,Protein,,,uniprot,P40763,,,gp130,Protein,,,,P40189,,,positive,,,,,cl:CL:0000584,,,,,,20303878-cmu-out.tsv
metastasis,Biological Process,,,mesh,D009362,,,Gr1CD11b,Other,,,,UAZ11666,,,positive,,,,,cl:CL:0000763,,,,,,20303878-cmu-out.tsv
CXCL12,Protein,,,uniprot,P48061,,,HIF1alpha,Protein,,,,Q16665,,,positive,,,,,cl:CL:0001054,,,,,,20303878-cmu-out.tsv
TRAIL,Protein,,,uniprot,P50591,,,IFN,Protein Family|Protein Complex,,,,Interferon,,,positive,,,,,,,,,,,20303878-cmu-out.tsv
NFkappaB,Protein Family|Protein Complex,,,be,P19838,,,IKKbeta,Protein,,,,O14920,,,positive,,,,,cl:CL:0000584,,,,,,20303878-cmu-out.tsv
MMP,Protein Family|Protein Complex,,,be,MMP,,go:0031012,IL1,Protein Family,,,,PF00340,,go:0031012,positive,,,,,cl:CL:0009002,,,,,,20303878-cmu-out.tsv
necrosis,Biological Process,,,mesh,D009336,,,IL1_alpha,Protein,,,,P01583,,,positive,,,,,,,,,,,20303878-cmu-out.tsv
IL6,Protein,,,uniprot,P05231,,,IL1alpha,Protein,,,,P01583,,,positive,,,,,cl:CL:0009002,,,,,,20303878-cmu-out.tsv
inflammatory_response,Biological Process,,,go,GO:0006954,,,IL1alpha,Protein,,,,P01583,,,positive,,,,,cl:CL:0009002,,,,,,20303878-cmu-out.tsv
MMP,Protein Family|Protein Complex,,,be,MMP,,go:0031012,IL6,Protein,,,,P05231,,go:0031012,positive,,,,,cl:CL:0009002,,,,,,20303878-cmu-out.tsv
inflammation,Biological Process,,,go,GO:0006954,,,immunity,Biological Process,,,,GO:0006955,,,positive,,,,,cl:CL:0000235,,,,,,20303878-cmu-out.tsv
cell_adhesion,Biological Process,,,go,GO:0007155,,,inflammation,Biological Process,,,,GO:0006954,,,positive,,,,,,,,,,,20303878-cmu-out.tsv
cell_migration,Biological Process,,,go,GO:0016477,,,inflammation,Biological Process,,,,GO:0006954,,,positive,,,,,,,,,,,20303878-cmu-out.tsv
cell_proliferation,Biological Process,,,go,GO:0008283,,,inflammation,Biological Process,,,,GO:0006954,,,positive,,,,,,,,,,,20303878-cmu-out.tsv
DNA_damage,Biological Process,,,mesh,D004249,,,inflammation,Biological Process,,,,GO:0006954,,,positive,,,,,cl:CL:0009002,,,,,,20303878-cmu-out.tsv
immune_response,Biological Process,,,go,GO:0006955,,,inflammation,Biological Process,,,,GO:0006954,,,positive,,,,,cl:CL:0000738,,,,,,20303878-cmu-out.tsv
inflammation,Biological Process,,,go,GO:0006954,,,injury,Biological Process,,,,GO:0090303,,,positive,,,,,,,,,,,20303878-cmu-out.tsv
cell_death,Biological Process,,,go,GO:0008219,,,itch,Protein,,,,Q96J02,,,positive,,,,,,,,,,,20303878-cmu-out.tsv
cFLIP,Protein,,,uniprot,O15519,,,itch,Protein,,,,Q96J02,,,positive,,,,,,,,,,,20303878-cmu-out.tsv
Stat3,Protein,,,uniprot,P40763,,,JAK2_Inhibitor,Other,,,,UAZ02937,,,positive,,,,,,,,,,,20303878-cmu-out.tsv
cell_death,Biological Process,,,go,GO:0008219,,,JNK,Protein Family|Protein Complex,,,,P45983,,,positive,,,,,,,,,,,20303878-cmu-out.tsv
cFLIP,Protein,,,uniprot,O15519,,,JNK,Protein Family|Protein Complex,,,,P45983,,,positive,,,,,,,,,,,20303878-cmu-out.tsv
proliferation,Biological Process,,,go,GO:0008283,,,JNK,Protein Family|Protein Complex,,,,P45983,,,positive,,,,,,,,,,,20303878-cmu-out.tsv
inflammation,Biological Process,,,go,GO:0006954,,,metastasis,Biological Process,,,,D009362,,,positive,,,,,,,,,,,20303878-cmu-out.tsv
angiogenesis,Biological Process,,,go,GO:0001525,,,NFkappaB,Protein Family|Protein Complex,,,,P19838,,,positive,,,,,cl:CL:0009002,,,,,,20303878-cmu-out.tsv
Bcl2,Protein,,,uniprot,P10415,,,NFkappaB,Protein Family|Protein Complex,,,,P19838,,,positive,,,,,cl:CL:0000584,,,,,,20303878-cmu-out.tsv
BclX_L,Other,,,uaz,UAZ01132,,,NFkappaB,Protein Family|Protein Complex,,,,P19838,,,positive,,,,,cl:CL:0000584,,,,,,20303878-cmu-out.tsv
betacatenin,Protein,,,uniprot,P35222,,,NFkappaB,Protein Family|Protein Complex,,,,P19838,,,positive,,,,,cl:CL:0000034,,,,,,20303878-cmu-out.tsv
caspases,Protein Family|Protein Complex,,,be,Q14790,,,NFkappaB,Protein Family|Protein Complex,,,,P19838,,,positive,,,,,cl:CL:0000738,,,,,,20303878-cmu-out.tsv
chemokine,Protein Family|Protein Complex,,,be,Chemokine,,,NFkappaB,Protein Family|Protein Complex,,,,P19838,,,positive,,,,,cl:CL:0009002,,,,,,20303878-cmu-out.tsv
cytokine_production,Biological Process,,,go,GO:0001816,,,NFkappaB,Protein Family|Protein Complex,,,,P19838,,,positive,,,,,cl:CL:0009002,,,,,,20303878-cmu-out.tsv
invasiveness,Biological Process,,,mesh,D009361,,,NFkappaB,Protein Family|Protein Complex,,,,P19838,,,positive,,,,,cl:CL:0009002,,,,,,20303878-cmu-out.tsv
ROS,Chemical,,,chebi,CHEBI:26523,,,NFkappaB,Protein Family|Protein Complex,,,,P19838,,,positive,,,,,cl:CL:0009002,,,,,,20303878-cmu-out.tsv
Wnt,Protein Family|Protein Complex,,,be,P04628,,,NFkappaB,Protein Family|Protein Complex,,,,P19838,,,positive,,,,,cl:CL:0000034,,,,,,20303878-cmu-out.tsv
adaptive_immunity,Biological Process,,,go,GO:0002250,,,NLRP3,Protein,,,,Q96P20,,,positive,,,,,cl:CL:0000451,,,,,,20303878-cmu-out.tsv
interleukin8,Protein,,,uniprot,P10145,,,Ras,Protein Family,,,,PF00071,,,positive,,,,,cl:CL:0000097,,,,,,20303878-cmu-out.tsv
necrosis,Biological Process,,,mesh,D009336,,,response_to_hypoxia,Biological Process,,,,GO:0001666,,,positive,,,,,cl:CL:0000451,,,,,,20303878-cmu-out.tsv
caspases,Protein Family|Protein Complex,,,be,Q14790,,,SMAD,Protein Family|Protein Complex,,,,SMAD,,,positive,,,,,cl:CL:0000738,,,,,,20303878-cmu-out.tsv
caspases,Protein Family|Protein Complex,,,be,Q14790,,,STAT,Protein,,,,P35610,,,positive,,,,,cl:CL:0000738,,,,,,20303878-cmu-out.tsv
angiogenesis,Biological Process,,,go,GO:0001525,,,Stat3,Protein,,,,P40763,,,positive,,,,,cl:CL:0009002,,,,,,20303878-cmu-out.tsv
Bcl2,Protein,,,uniprot,P10415,,,STAT3,Protein,,,,P40763,,,positive,,,,,cl:CL:0000584,,,,,,20303878-cmu-out.tsv
BclX_L,Other,,,uaz,UAZ01132,,,STAT3,Protein,,,,P40763,,,positive,,,,,cl:CL:0000584,,,,,,20303878-cmu-out.tsv
cell_proliferation,Biological Process,,,go,GO:0008283,,,STAT3,Protein,,,,P40763,,,positive,,,,,cl:CL:0000584,,,,,,20303878-cmu-out.tsv
chemokine,Protein Family|Protein Complex,,,be,Chemokine,,,STAT3,Protein,,,,P40763,,,positive,,,,,cl:CL:0009002,,,,,,20303878-cmu-out.tsv
cytokine_production,Biological Process,,,go,GO:0001816,,,STAT3,Protein,,,,P40763,,,positive,,,,,cl:CL:0009002,,,,,,20303878-cmu-out.tsv
invasiveness,Biological Process,,,mesh,D009361,,,STAT3,Protein,,,,P40763,,,positive,,,,,cl:CL:0009002,,,,,,20303878-cmu-out.tsv
tumor_microenvironment,Biological Process,,,mesh,D059016,,,Stat3,Protein,,,,P40763,,,positive,,,,,,,,,,,20303878-cmu-out.tsv
Twist,Protein,,,uniprot,Q15672,,go:0031012,STAT3,Protein,,,,P40763,,go:0031012,positive,,,,,cl:CL:0000899,,,,,,20303878-cmu-out.tsv
differentiation,Biological Process,,,go,GO:0030154,,,TGFbeta,Protein Family|Protein Complex,,,,P01137,,,positive,,,,,cl:CL:0000899,,,,,,20303878-cmu-out.tsv
SMAD,Protein Family|Protein Complex,,,be,SMAD,,,TGFbeta,Protein Family|Protein Complex,,,,P01137,,,positive,,,,,cl:CL:0000084,,,,,,20303878-cmu-out.tsv
transcription,Biological Process,,,go,GO:0006351,,,TGFbeta,Protein Family|Protein Complex,,,,P01137,,,positive,,,,,cl:CL:0000084,,,,,,20303878-cmu-out.tsv
IKKalpha,Protein,,,uniprot,O15111,,,TNF,Protein Family,,,,PF00229,,,positive,,,,,cl:CL:0000542,,,,,,20303878-cmu-out.tsv
cell_death,Biological Process,,,go,GO:0008219,,,TNFa,Protein,,,,P01375,,,positive,,,,,,,,,,,20303878-cmu-out.tsv
AP1,Protein Family|Protein Complex,,,be,P05412,,,TNFalpha,Protein,,,,P01375,,,positive,,,,,cl:CL:0009002,,,,,,20303878-cmu-out.tsv
betacatenin,Protein,,,uniprot,P35222,,,TNFalpha,Protein,,,,P01375,,,positive,,,,,cl:CL:0000034,,,,,,20303878-cmu-out.tsv
MMP,Protein Family|Protein Complex,,,be,MMP,,go:0031012,TNFalpha,Protein,,,,P01375,,go:0031012,positive,,,,,cl:CL:0009002,,,,,,20303878-cmu-out.tsv
NFkappaB,Protein Family|Protein Complex,,,be,P19838,,,TNFalpha,Protein,,,,P01375,,,positive,,,,,cl:CL:0009002,,,,,,20303878-cmu-out.tsv
transcription,Biological Process,,,go,GO:0006351,,,TNFalpha,Protein,,,,P01375,,,positive,,,,,cl:CL:0009002,,,,,,20303878-cmu-out.tsv
proliferation,Biological Process,,,go,GO:0008283,,,TNFR1,Protein,,,,P19438,,,positive,,,,,,,,,,,20303878-cmu-out.tsv
transcription,Biological Process,,,go,GO:0006351,,,TPA,Protein,,,,P00750,,,positive,,,,,cl:CL:0009002,,,,,,20303878-cmu-out.tsv
apoptosis,Biological Process,,,go,GO:0006915,,go:0044194,CD4,Protein,,,,P01730,,go:0044194,negative,,,,,cl:CL:0000236,,,,,,20405169-cmu-out.tsv
IL1,Protein Family,,,pfam,PF00340,,,M2b,Protein,,,,Q10989,,,negative,,,,,cl:CL:0000235,,,,,,20405169-cmu-out.tsv
IL6,Protein,,,uniprot,P05231,,,M2b,Protein,,,,Q10989,,,negative,,,,,cl:CL:0000235,,,,,,20405169-cmu-out.tsv
TNFalpha,Protein Family,,,interpro,IPR002959,,,M2b,Protein,,,,Q10989,,,negative,,,,,cl:CL:0000235,,,,,,20405169-cmu-out.tsv
proliferation,Biological Process,,,go,GO:0008283,,go:0044194,CD4,Protein,,,,P01730,,go:0044194,positive,,,,,cl:CL:0000236,,,,,,20405169-cmu-out.tsv
CD4,Protein,,,uniprot,P01730,,go:0044194,IL13,Protein,,,,P35225,,go:0044194,positive,,,,,cl:CL:0000236,,,,,,20405169-cmu-out.tsv
CD4,Protein,,,uniprot,P01730,,go:0044194,IL4,Protein,,,,P05112,,go:0044194,positive,,,,,cl:CL:0000236,,,,,,20405169-cmu-out.tsv
M2b,Protein,,,uniprot,Q10989,,,M2b,Protein,,,,Q10989,,,positive,,,,,cl:CL:0000235,,,,,,20405169-cmu-out.tsv
angiogenesis,Biological Process,,,go,GO:0001525,,,MCs,Protein,,,,P49901,,,positive,,,,,cl:CL:0000775,,,,,,20405169-cmu-out.tsv
immunity,Biological Process,,,go,GO:0006955,,,REG,Protein,,,,P05451,,,positive,,,,,cl:CL:0000623,,,,,,20405169-cmu-out.tsv
CXCL1,Protein,,,uniprot,P09341,,,chemokine_receptor,Other,,,,UAZ-PF-43,,,negative,,,,,cl:CL:0000066,,,,,,20538542-cmu-out.tsv
chemokine_receptor,Other,,,uaz,UAZ-PF-43,,,CXCL1,Protein,,,,P09341,,,negative,,,,,cl:CL:0000066,,,,,,20538542-cmu-out.tsv
immune_surveillance,Biological Process,,,go,GO:0006955,,go:0031012,cyclindependent_kinase_inhibitors,Protein Family|Protein Complex,,,,CDKN,,go:0031012,negative,,,,,cl:CL:0002327,,,,,,20538542-cmu-out.tsv
p63,Protein,,,uniprot,Q07065,,,mutantp53,Protein,,,,P04637,,,negative,,,,,,,,,,,20538542-cmu-out.tsv
CD8,Protein Family|Protein Complex,,,be,CD8,,,TGFbeta,Protein Family|Protein Complex,,,,P01137,,,negative,,,,,cl:CL:0000546,,,,,,20538542-cmu-out.tsv
CXCL1,Protein,,,uniprot,P09341,,,TGFbeta,Protein Family|Protein Complex,,,,P01137,,,negative,,,,,cl:CL:0009002,,,,,,20538542-cmu-out.tsv
CXCL5,Protein,,,uniprot,P42830,,,TGFbeta,Protein Family|Protein Complex,,,,P01137,,,negative,,,,,cl:CL:0009002,,,,,,20538542-cmu-out.tsv
Ig,Protein Family,,,pfam,PF00047,,,TGFbeta,Protein Family|Protein Complex,,,,P01137,,,negative,,,,,cl:CL:0000623,,,,,,20538542-cmu-out.tsv
IL2,Protein,,,uniprot,P60568,,,TGFbeta,Protein Family|Protein Complex,,,,P01137,,,negative,,,,,cl:CL:0000084,,,,,,20538542-cmu-out.tsv
immune_surveillance,Biological Process,,,go,GO:0006955,,go:0018995,TGFbeta,Protein Family|Protein Complex,,,,P01137,,go:0018995,negative,,,,,cl:CL:0009002,,,,,,20538542-cmu-out.tsv
MICA,Protein,,,uniprot,Q29983,,,TGFbeta,Protein Family|Protein Complex,,,,P01137,,,negative,,,,,cl:CL:0000623,,,,,,20538542-cmu-out.tsv
NKG2D,Protein,,,uniprot,P26718,,,TGFbeta,Protein Family|Protein Complex,,,,P01137,,,negative,,,,,cl:CL:0000815,,,,,,20538542-cmu-out.tsv
NKG2D,Protein,,,uniprot,P26718,,,TGFbeta,Protein Family|Protein Complex,,,,P01137,,,negative,,,,,cl:CL:0000623 ++++ cl:CL:0000542,,,,,,20538542-cmu-out.tsv
NKG2D_receptor,Other,,,uaz,UAZ04352,,,TGFbeta,Protein Family|Protein Complex,,,,P01137,,,negative,,,,,cl:CL:0000542,,,,,,20538542-cmu-out.tsv
NKp30,Protein,,,uniprot,O14931,,,TGFbeta,Protein Family|Protein Complex,,,,P01137,,,negative,,,,,cl:CL:0000542,,,,,,20538542-cmu-out.tsv
proliferation,Biological Process,,,go,GO:0008283,,,TGFbeta,Protein Family|Protein Complex,,,,P01137,,,negative,,,,,cl:CL:0000542 ++++ cl:CL:0000084 ++++ cl:CL:0000623,,,,,,20538542-cmu-out.tsv
NFkappaB,Protein Family|Protein Complex,,,be,P19838,,,TGFbeta1,Protein Family,,,,IPR003939,,,negative,,,,,,,,,,,20538542-cmu-out.tsv
Tregs_[,Other,,,uaz,UAZ04340,,,AntiTGFbeta_antibody,Other,,,,UAZ03408,,,positive,,,,,cl:CL:0000084,,,,,,20538542-cmu-out.tsv
TGFbeta,Protein Family|Protein Complex,,,be,P01137,,,chemokine,Protein Family|Protein Complex,,,,Chemokine,,,positive,,,,,cl:CL:0009002,,,,,,20538542-cmu-out.tsv
angiogenesis,Biological Process,,,go,GO:0001525,,go:0031012,cyclindependent_kinase_inhibitors,Protein Family|Protein Complex,,,,CDKN,,go:0031012,positive,,,,,cl:CL:0002327,,,,,,20538542-cmu-out.tsv
TGFbeta,Protein Family|Protein Complex,,,be,P01137,,,Gr1CD11b,Other,,,,UAZ04337,,,positive,,,,,cl:CL:0000546,,,,,,20538542-cmu-out.tsv
proliferation,Biological Process,,,go,GO:0008283,,,IL2,Protein,,,,P60568,,,positive,,,,,cl:CL:0000084,,,,,,20538542-cmu-out.tsv
metastasis,Biological Process,,,mesh,D009362,,go:0018995,Mac1,Protein Family,,,,PF09028,,go:0018995,positive,,,,,cl:CL:0000763,,,,,,20538542-cmu-out.tsv
invasion,Biological Process,,,mesh,D009361,,,MMP,Protein Family|Protein Complex,,,,MMP,,,positive,,,,,cl:CL:0000066,,,,,,20538542-cmu-out.tsv
metastasis,Biological Process,,,mesh,D009362,,,MMP,Protein Family|Protein Complex,,,,MMP,,,positive,,,,,cl:CL:0000066,,,,,,20538542-cmu-out.tsv
MICA,Protein,,,uniprot,Q29983,,,NKG2D,Protein,,,,P26718.t,,,positive,,,,,cl:CL:0000623,,,,,,20538542-cmu-out.tsv
NKG2D,Protein,,,uniprot,P26718,,,NKG2D,Protein,,,,P26718.t,,,positive,,,,,cl:CL:0000623,,,,,,20538542-cmu-out.tsv
SMAD,Protein Family|Protein Complex,,,be,SMAD,,,p53,Protein,,,,P04637:[GenericMutant],,,positive,,,,,,,,,,,20538542-cmu-out.tsv
SMAD2,Protein,,,uniprot,Q15796,,go:0005634,TbetaRI,Protein,,,,P36897.p,,go:0005634,positive,,,,,,,,,,,20538542-cmu-out.tsv
SMAD3,Protein,,,uniprot,P84022,,go:0005634,TbetaRI,Protein,,,,P36897.p,,go:0005634,positive,,,,,,,,,,,20538542-cmu-out.tsv
TbetaRII,Protein,,,uniprot,P37173,,go:0005634,TbetaRI,Protein,,,,P36897.p,,go:0005634,positive,,,,,,,,,,,20538542-cmu-out.tsv
angiopoietinlike_4,Other,,,uaz,UAZ02788,,go:0005911,TGFbeta,Protein Family|Protein Complex,,,,P01137,,go:0005911,positive,,,,,cl:CL:0000066,,,,,,20538542-cmu-out.tsv
CD4CD25_Tregs,Other,,,uaz,UAZ04345,,,TGFbeta,Protein Family|Protein Complex,,,,P01137,,,positive,,,,,cl:CL:0000899,,,,,,20538542-cmu-out.tsv
CD8_Tcell,Other,,,uaz,UAZ04342,,go:0018995,TGFbeta,Protein Family|Protein Complex,,,,P01137,,go:0018995,positive,,,,,cl:CL:0000775,,,,,,20538542-cmu-out.tsv
CXCL1,Protein,,,uniprot,P09341,,go:0005911,TGFbeta,Protein Family|Protein Complex,,,,P01137,,go:0005911,positive,,,,,cl:CL:0009002,,,,,,20538542-cmu-out.tsv
Foxp3,Protein,,,uniprot,B7ZLG1,,,TGFbeta,Protein Family|Protein Complex,,,,P01137,,,positive,,,,,cl:CL:0000084,,,,,,20538542-cmu-out.tsv
invasion,Biological Process,,,mesh,D009361,,,TGFbeta,Protein Family|Protein Complex,,,,P01137,,,positive,,,,,cl:CL:0000066,,,,,,20538542-cmu-out.tsv
metastasis,Biological Process,,,mesh,D009362,,,TGFbeta,Protein Family|Protein Complex,,,,P01137,,,positive,,,,,cl:CL:0000066,,,,,,20538542-cmu-out.tsv
proliferation,Biological Process,,,go,GO:0008283,,,TGFbeta,Protein Family|Protein Complex,,,,P01137,,,positive,,,,,cl:CL:0000084,,,,,,20538542-cmu-out.tsv
TAN,Protein Family,,,pfam,PF11640,,,TGFbeta,Protein Family|Protein Complex,,,,P01137,,,positive,,,,,cl:CL:0000763,,,,,,20538542-cmu-out.tsv
angiogenesis,Biological Process,,,go,GO:0001525,,go:0018995,tumor_microenvironment,Biological Process,,,,D059016,,go:0018995,positive,,,,,cl:CL:0000763,,,,,,20538542-cmu-out.tsv
CPT1A,Protein,,,uniprot,P50416,,,Akt,Protein Family|Protein Complex,,,,"P31749,P31751",,,negative,,,,,,,,,,,18387799-cmu-out.tsv
proliferation,Biological Process,,,go,GO:0008283,,,CPT1A,Protein,,,,P50416,,,negative,,,,,,,,,,,18387799-cmu-out.tsv
glycolysis,Biological Process,,,go,GO:0006096,,,p53,Protein,,,,P04637,,,negative,,,,,,,,,,,18387799-cmu-out.tsv
phosphoglycerate_mutase,Protein,,,uniprot,P82612,,,p53,Protein,,,,P04637,,,negative,,,,,,,,,,,18387799-cmu-out.tsv
CPT1A,Protein,,,uniprot,P50416,,,PI3K,Protein Family|Protein Complex,,,,P42336,,,negative,,,,,,,,,,,18387799-cmu-out.tsv
glycolysis,Biological Process,,,go,GO:0006096,,,SCO2,Protein,,,,O43819,,,negative,,,,,,,,,,,18387799-cmu-out.tsv
glycolysis,Biological Process,,,go,GO:0006096,,,TIGAR,Protein,,,,Q9NQ88,,,negative,,,,,,,,,,,18387799-cmu-out.tsv
glutaminase,Protein Family,,,pfam,PF04960,,,Alonso_FJ,Other,,,,UAZ04613,,,positive,,,,,,,,,,,18387799-cmu-out.tsv
span,Protein Family,,,pfam,PF02510,,,Beach,Protein Family,,,,PF02138,,,positive,,,,,,,,,,,18387799-cmu-out.tsv
apoptosis,Biological Process,,,go,GO:0006915,,,glucose,Chemical,,,,HMDB06564,,,positive,,,,,,,,,,,18387799-cmu-out.tsv
MYC,Protein,,,uniprot,P01106,,,glucose,Chemical,,,,HMDB06564,,,positive,,,,,,,,,,,18387799-cmu-out.tsv
span,Protein Family,,,pfam,PF02510,,,Glycolytic,Protein Family,,,,PF00274,,,positive,,,,,,,,,,,18387799-cmu-out.tsv
glutaminase,Protein Family,,,pfam,PF04960,,,JC,Other,,,,UAZ04620,,,positive,,,,,,,,,,,18387799-cmu-out.tsv
span,Protein Family,,,pfam,PF02510,,,ME,Protein,,,,P39900,,,positive,,,,,,,,,,,18387799-cmu-out.tsv
glycolysis,Biological Process,,,go,GO:0006096,,,metabolism,Biological Process,,,,GO:0008152,,,positive,,,,,,,,,,,18387799-cmu-out.tsv
oxidative_phosphorylation,Biological Process,,,go,GO:0006119,,,metabolism,Biological Process,,,,GO:0008152,,,positive,,,,,,,,,,,18387799-cmu-out.tsv
glucose_transporters,Protein Family|Protein Complex,,,be,SLC2A,,,mTOR,Protein,,,,P42345,,,positive,,,,,,,,,,,18387799-cmu-out.tsv
transcription,Biological Process,,,go,GO:0006351,,,PKB,Protein Family|Protein Complex,,,,"P31749,P31751",,,positive,,,,,,,,,,,18387799-cmu-out.tsv
PCNA,Protein,,,uniprot,P12004,,go:0005657,"{RAD6,_RAD18}","{Protein, Protein}",,,,"{P06104, Q9NS91}",,go:0005657,negative,,,,,,,,,,,20965415-cmu-out.tsv
DSB,Other,,,uaz,UAZ00772,,,53BP1,Protein,,,,Q12888,,,negative,,,,,cl:CL:0000236,,,,,,20965415-cmu-out.tsv
transcription,Biological Process,,,go,GO:0006351,,,ATM,Protein,,,,Q13315,,,negative,,,,,,,,,,,20965415-cmu-out.tsv
XPC,Protein,,,uniprot,Q01831,,go:0000805,cullin,Protein Family|Protein Complex,,,,CUL,,go:0000805,negative,,,,,,,,,,,20965415-cmu-out.tsv
apoptosis,Biological Process,,,go,GO:0006915,,,DDR,Protein Family,,,,PF08841,,,negative,,,,,,,,,,,20965415-cmu-out.tsv
cellular_senescence,Biological Process,,,mesh,D000375,,,DDR,Protein Family,,,,PF08841,,,negative,,,,,,,,,,,20965415-cmu-out.tsv
NHEJ,Other,,,uaz,UAZ00800,,,FA,Protein Family,,,,PF08736,,,negative,,,,,cl:CL:0000236,,,,,,20965415-cmu-out.tsv
ID,Protein,,,uniprot,P41134,,,Polzeta,Other,,,,UAZ06223,,,negative,,,,,,,,,,,20965415-cmu-out.tsv
ID,Protein,,,uniprot,P41134,,,REV1,Protein,,,,Q9UBZ9,,,negative,,,,,,,,,,,20965415-cmu-out.tsv
ID,Protein,,,uniprot,P41134,,,UAF1,Protein,,,,Q8TAF3,,,negative,,,,,,,,,,,20965415-cmu-out.tsv
ID,Protein,,,uniprot,P41134,,,USP1,Protein,,,,O94782,,,negative,,,,,,,,,,,20965415-cmu-out.tsv
"{RNF168,_BRCA1}","{Protein, Protein}",,,"{uniprot, uniprot}","{Q8IYW5, Q16539398}",,,"{RNF8,_UBC13}","{Protein, Protein}",,,,"{O76064, P61088}",,,positive,,,,,,,,,,,20965415-cmu-out.tsv
CSR,Protein,,,uniprot,Q6AZY7,,,AID,Protein,,,,Q9GZX7,,,positive,,,,,,,,,,,20965415-cmu-out.tsv
BRCA2,Protein,,,uniprot,P51587,,,ATM,Protein,,,,Q13315,,,positive,,,,,,,,,,,20965415-cmu-out.tsv
DDB1,Protein,,,uniprot,Q16531,,go:0000805,ATM,Protein,,,,Q13315,,go:0000805,positive,,,,,,,,,,,20965415-cmu-out.tsv
DDB2,Protein,,,uniprot,Q92466,,go:0000805,ATM,Protein,,,,Q13315,,go:0000805,positive,,,,,,,,,,,20965415-cmu-out.tsv
DDR,Protein Family,,,pfam,PF08841,,go:0005657,ATM,Protein,,,,Q13315,,go:0005657,positive,,,,,,,,,,,20965415-cmu-out.tsv
DSB,Other,,,uaz,UAZ00772,,,ATM,Protein,,,,Q13315,,,positive,,,,,,,,,,,20965415-cmu-out.tsv
DSB_repair,Other,,,uaz,UAZ00740,,,ATM,Protein,,,,Q13315,,,positive,,,,,,,,,,,20965415-cmu-out.tsv
Effector_proteins,Other,,,uaz,UAZ06210,,go:0005657,ATM,Protein,,,,Q13315,,go:0005657,positive,,,,,,,,,,,20965415-cmu-out.tsv
p53,Protein,,,uniprot,P04637,,,ATM,Protein,,,,Q13315,,,positive,,,,,,,,,,,20965415-cmu-out.tsv
XPC,Protein,,,uniprot,Q01831,,go:0000805,ATM,Protein,,,,Q13315,,go:0000805,positive,,,,,,,,,,,20965415-cmu-out.tsv
BLM,Protein,,,uniprot,P54132,,go:0005657,ATR,Protein,,,,P20848,,go:0005657,positive,,,,,,,,,,,20965415-cmu-out.tsv
BRCA2,Protein,,,uniprot,P51587,,,ATR,Protein,,,,P20848,,,positive,,,,,,,,,,,20965415-cmu-out.tsv
CHK1,Protein,,,uniprot,O14757,,go:0005657,ATR,Protein,,,,P20848,,go:0005657,positive,,,,,,,,,,,20965415-cmu-out.tsv
DDB1,Protein,,,uniprot,Q16531,,go:0000805,ATR,Protein,,,,P20848,,go:0000805,positive,,,,,,,,,,,20965415-cmu-out.tsv
DDB2,Protein,,,uniprot,Q92466,,go:0000805,ATR,Protein,,,,P20848,,go:0000805,positive,,,,,,,,,,,20965415-cmu-out.tsv
DSB_repair,Other,,,uaz,UAZ00740,,,ATR,Protein,,,,P20848,,,positive,,,,,,,,,,,20965415-cmu-out.tsv
Effector_proteins,Other,,,uaz,UAZ06210,,go:0005657,ATR,Protein,,,,P20848,,go:0005657,positive,,,,,,,,,,,20965415-cmu-out.tsv
FA,Protein Family,,,pfam,PF08736,,,ATR,Protein,,,,P20848,,,positive,,,,,,,,,,,20965415-cmu-out.tsv
FANCI,Protein,,,uniprot,Q9NVI1,,,ATR,Protein,,,,P20848,,,positive,,,,,,,,,,,20965415-cmu-out.tsv
Seckel_syndrome,Other,,,uaz,UAZ06209,,,ATR,Protein,,,,P20848:[GenericMutant],,,positive,,,,,,,,,,,20965415-cmu-out.tsv
TOPBP1,Protein,,,uniprot,Q92547,,go:0005657,ATR,Protein,,,,P20848,,go:0005657,positive,,,,,,,,,,,20965415-cmu-out.tsv
XPC,Protein,,,uniprot,Q01831,,go:0000805,ATR,Protein,,,,P20848,,go:0000805,positive,,,,,,,,,,,20965415-cmu-out.tsv
H2AX,Protein,,,uniprot,P16104,,,BAZ,Other,,,,UAZ03650,,,positive,,,,,,,,,,,20965415-cmu-out.tsv
RPA,Protein Family|Protein Complex,,,be,RPA,,,BRCA2,Protein,,,,P51587,,,positive,,,,,,,,,,,20965415-cmu-out.tsv
BRCA2,Protein,,,uniprot,P51587,,,CDK,Protein Family|Protein Complex,,,,CDK,,,positive,,,,,,,,,,,20965415-cmu-out.tsv
Effector_proteins,Other,,,uaz,UAZ06210,,go:0005657,CHK1,Protein,,,,O14757,,go:0005657,positive,,,,,,,,,,,20965415-cmu-out.tsv
RAD51,Protein,,,uniprot,Q06609,,,CHK1,Protein,,,,O14757,,,positive,,,,,,,,,,,20965415-cmu-out.tsv
Effector_proteins,Other,,,uaz,UAZ06210,,go:0005657,CHK2,Protein,,,,O96017,,go:0005657,positive,,,,,,,,,,,20965415-cmu-out.tsv
HP1,Protein,,,uniprot,P59665,,go:0000805,CK2,Protein Family|Protein Complex,,,,CK2,,go:0000805,positive,,,,,,,,,,,20965415-cmu-out.tsv
ATR,Protein,,,uniprot,P20848,,go:0005657,clamp,Protein Family,,,,PF14769,,go:0005657,positive,,,,,,,,,,,20965415-cmu-out.tsv
TOPBP1,Protein,,,uniprot,Q92547,,go:0005657,clamp,Protein Family,,,,PF14769,,go:0005657,positive,,,,,,,,,,,20965415-cmu-out.tsv
NER,Protein,,,uniprot,P55055,,,CSA,Protein,,,,Q13216,,,positive,,,,,,,,,,,20965415-cmu-out.tsv
TCNER,Other,,,uaz,UAZ01667,,,CSA,Protein,,,,Q13216,,,positive,,,,,,,,,,,20965415-cmu-out.tsv
NER,Protein,,,uniprot,P55055,,,CSB,Protein,,,,Q03468,,,positive,,,,,,,,,,,20965415-cmu-out.tsv
TCNER,Other,,,uaz,UAZ01667,,,CSB,Protein,,,,Q03468,,,positive,,,,,,,,,,,20965415-cmu-out.tsv
DSB,Other,,,uaz,UAZ00772,,,CtIP,Protein,,,,Q99708,,,positive,,,,,,,,,,,20965415-cmu-out.tsv
PCNA,Protein,,,uniprot,P12004,,,DDR,Protein Family,,,,PF08841,,,positive,,,,,,,,,,,20965415-cmu-out.tsv
senescence,Biological Process,,,mesh,D000375,,sl-0276,DDR,Protein Family,,,,PF08841,,sl-0276,positive,,,,,,,,,,,20965415-cmu-out.tsv
NHEJ,Other,,,uaz,UAZ00800,,,DNAPK,Other,,,,UAZ01081,,,positive,,,,,,,,,,,20965415-cmu-out.tsv
NHEJ,Other,,,uaz,UAZ00800,,,DNAPKcs,Protein,,,,P78527,,,positive,,,,,,,,,,,20965415-cmu-out.tsv
altNHEJ,Other,,,uaz,UAZ03781,,,DSB,Other,,,,UAZ00772,,,positive,,,,,cl:CL:0000236,,,,,,20965415-cmu-out.tsv
apoptosis,Biological Process,,,go,GO:0006915,,go:0005657,DSB,Other,,,,UAZ00772,,go:0005657,positive,,,,,cl:CL:0002319,,,,,,20965415-cmu-out.tsv
HR,Protein,,,uniprot,O43593,,,FA,Protein Family,,,,PF08736,,,positive,,,,,cl:CL:0000236,,,,,,20965415-cmu-out.tsv
FANCM,Protein,,,uniprot,Q8IYD8,,go:0005657,FAAP24,Protein,,,,Q9BTP7,,go:0005657,positive,,,,,,,,,,,20965415-cmu-out.tsv
FANCM,Protein,,,uniprot,Q8IYD8,,go:0005657,histone,Protein Family|Protein Complex,,,,Histone,,go:0005657,positive,,,,,,,,,,,20965415-cmu-out.tsv
apoptosis,Biological Process,,,go,GO:0006915,,,JNK,Protein Family|Protein Complex,,,,P45983,,,positive,,,,,,,,,,,20965415-cmu-out.tsv
DNAPK,Other,,,uaz,UAZ01081,,,Ku,Protein Family,,,,PF02735,,,positive,,,,,,,,,,,20965415-cmu-out.tsv
HR,Protein,,,uniprot,O43593,,,Ku,Protein Family,,,,PF02735,,,positive,,,,,,,,,,,20965415-cmu-out.tsv
SSB,Protein,,,uniprot,P05455,,,LIG3,Protein,,,,P49916,,,positive,,,,,,,,,,,20965415-cmu-out.tsv
ATM,Protein,,,uniprot,Q13315,,,MRN,Protein,,,,O60934,,,positive,,,,,,,,,,,20965415-cmu-out.tsv
CS,Protein,,,uniprot,O75390,,,NER,Protein,,,,P55055,,,positive,,,,,,,,,,,20965415-cmu-out.tsv
apoptosis,Biological Process,,,go,GO:0006915,,go:0005657,P53,Protein,,,,P04637,,go:0005657,positive,,,,,,,,,,,20965415-cmu-out.tsv
cell_cycle,Biological Process,,,go,GO:0007049,,go:0005657,P53,Protein,,,,P04637,,go:0005657,positive,,,,,,,,,,,20965415-cmu-out.tsv
proliferation,Biological Process,,,go,GO:0008283,,go:0031965,p53,Protein,,,,P04637,,go:0031965,positive,,,,,cl:CL:0000034,,,,,,20965415-cmu-out.tsv
senescence,Biological Process,,,mesh,D000375,,go:0005657,P53,Protein,,,,P04637,,go:0005657,positive,,,,,,,,,,,20965415-cmu-out.tsv
MRN,Protein,,,uniprot,O60934,,,PARP1,Protein,,,,P09874,,,positive,,,,,,,,,,,20965415-cmu-out.tsv
ubiquitin,Protein,,,uniprot,P0CG47,,,PIAS1,Protein,,,,O75925,,,positive,,,,,,,,,,,20965415-cmu-out.tsv
"{RNF8,_UBC13}","{Protein, Protein}",,,"{uniprot, uniprot}","{O76064, P61088}",,,PIAS4,Protein,,,,Q8N2W9,,,positive,,,,,,,,,,,20965415-cmu-out.tsv
53BP1,Protein,,,uniprot,Q12888,,,PIAS4,Protein,,,,Q8N2W9,,,positive,,,,,,,,,,,20965415-cmu-out.tsv
HR,Protein,,,uniprot,O43593,,,RAD51,Protein,,,,Q06609,,,positive,,,,,,,,,,,20965415-cmu-out.tsv
ATM,Protein,,,uniprot,Q13315,,,RNA_polymerase,Other,,,,UAZ02835,,,positive,,,,,,,,,,,20965415-cmu-out.tsv
ALS,Protein,,,uniprot,P35858,,,ROS,Chemical,,,,CHEBI:26523,,,positive,,,,,cl:CL:0000100,,,,,,20965415-cmu-out.tsv
DNA_damage,Biological Process,,,mesh,D004249,,,ROS,Chemical,,,,CHEBI:26523,,,positive,,,,,cl:CL:1001611,,,,,,20965415-cmu-out.tsv
clamp,Protein Family,,,pfam,PF14769,,go:0005657,RPAssDNA_complexes,Other,,,,UAZ06187,,go:0005657,positive,,,,,,,,,,,20965415-cmu-out.tsv
DDR,Protein Family,,,pfam,PF08841,,,sensor,Protein Family,,,,PF13796,,,positive,,,,,,,,,,,20965415-cmu-out.tsv
Localization,Biological Process,,,go,GO:0051179,,,sensor,Protein Family,,,,PF13796,,,positive,,,,,,,,,,,20965415-cmu-out.tsv
ATM,Protein,,,uniprot,Q13315,,,TIP60,Protein,,,,Q92993,,,positive,,,,,,,,,,,20965415-cmu-out.tsv
H4,Protein Family,,,interpro,IPR001951,,,TIP60,Protein,,,,Q92993,,,positive,,,,,,,,,,,20965415-cmu-out.tsv
histones_H3,Other,,,uaz,UAZ01185,,,TIP60,Protein,,,,Q92993,,,positive,,,,,,,,,,,20965415-cmu-out.tsv
RNR,Protein,,,uniprot,Q9Y5X4,,go:0005634,TIP60,Protein,,,,Q92993,,go:0005634,positive,,,,,,,,,,,20965415-cmu-out.tsv
H2AX,Protein,,,uniprot,P16104,,,WAL,Other,,,,UAZ06239,,,positive,,,,,,,,,,,20965415-cmu-out.tsv
H2AX,Protein,,,uniprot,P16104,,,WAL_family,Other,,,,UAZ06230,,,positive,,,,,,,,,,,20965415-cmu-out.tsv
HR,Protein,,,uniprot,O43593,,sl-0276,WRN,Protein,,,,Q14191,,sl-0276,positive,,,,,,,,,,,20965415-cmu-out.tsv
H2AX,Protein,,,uniprot,P16104,,,WSTF,Protein,,,,Q9UIG0,,,positive,,,,,,,,,,,20965415-cmu-out.tsv
CS,Protein,,,uniprot,O75390,,,XPB,Protein,,,,P19447,,,positive,,,,,,,,,,,20965415-cmu-out.tsv
NER,Protein,,,uniprot,P55055,,go:0000805,XPC,Protein,,,,Q01831,,go:0000805,positive,,,,,,,,,,,20965415-cmu-out.tsv
CS,Protein,,,uniprot,O75390,,,XPD,Protein,,,,P18074,,,positive,,,,,,,,,,,20965415-cmu-out.tsv
CS,Protein,,,uniprot,O75390,,,XPG,Protein,,,,P28715,,,positive,,,,,,,,,,,20965415-cmu-out.tsv
SSB,Protein,,,uniprot,P05455,,,XRCC1,Protein,,,,P18887,,,positive,,,,,,,,,,,20965415-cmu-out.tsv
Bclx_L,Other,,,uaz,UAZ00200,,,Bad,Protein,,,,Q92934,,,negative,,,,,,,,,,,17322918-cmu-out.tsv
Mcl1,Protein,,,uniprot,Q07820,,,Bad,Protein,,,,Q92934,,,negative,,,,,,,,,,,17322918-cmu-out.tsv
apoptosis,Biological Process,,,go,GO:0006915,,go:0016020,Bid,Protein,,,,P55957,,go:0016020,negative,,,,,,,,,,,17322918-cmu-out.tsv
apoptosis,Biological Process,,,go,GO:0006915,,go:0016020,Bim,Protein,,,,O43521,,go:0016020,negative,,,,,,,,,,,17322918-cmu-out.tsv
Bclx_L_prosurvival,Other,,,uaz,UAZ01156,,,DNA_damage,Biological Process,,,,D004249,,,negative,,,,,,,,,,,17322918-cmu-out.tsv
apoptosis,Biological Process,,,go,GO:0006915,,,Myc,Protein,,,,P01106,,,negative,,,,,,,,,,,17322918-cmu-out.tsv
Bcl2,Protein,,,uniprot,P10415,,,Myc,Protein,,,,P01106.t,,,negative,,,,,cl:CL:0000236,,,,,,17322918-cmu-out.tsv
Bclx_L,Other,,,uaz,UAZ00200,,,Myc,Protein,,,,P01106.t,,,negative,,,,,cl:CL:0000236,,,,,,17322918-cmu-out.tsv
Bclx_L,Other,,,uaz,UAZ00200,,,Noxa,Protein,,,,Q13794,,,negative,,,,,,,,,,,17322918-cmu-out.tsv
Mcl1,Protein,,,uniprot,Q07820,,,Noxa,Protein,,,,Q13794,,,negative,,,,,,,,,,,17322918-cmu-out.tsv
Bak,Protein,,,uniprot,Q16611,,,apoptosis,Biological Process,,,,GO:0006915,,,positive,,,,,,,,,,,17322918-cmu-out.tsv
Bax,Protein,,,uniprot,Q07812,,,apoptosis,Biological Process,,,,GO:0006915,,,positive,,,,,,,,,,,17322918-cmu-out.tsv
cell_death,Biological Process,,,go,GO:0008219,,,Bad,Protein,,,,Q92934,,,positive,,,,,,,,,,,17322918-cmu-out.tsv
apoptosis,Biological Process,,,go,GO:0006915,,,Bak,Protein,,,,Q16611,,,positive,,,,,,,,,,,17322918-cmu-out.tsv
cell_death,Biological Process,,,go,GO:0008219,,,Bak,Protein,,,,Q16611,,,positive,,,,,,,,,,,17322918-cmu-out.tsv
apoptosis,Biological Process,,,go,GO:0006915,,go:0031966,Bax,Protein,,,,Q07812,,go:0031966,positive,,,,,,,,,,,17322918-cmu-out.tsv
apoptosis,Biological Process,,,go,GO:0006915,,,Bax,Protein,,,,Q07812,,,positive,,,,,,,,,,,17322918-cmu-out.tsv
Bax,Protein,,,uniprot,Q07812,,,BH3,Protein Family,,,,PF15285,,,positive,,,,,,,,,,,17322918-cmu-out.tsv
apoptosis,Biological Process,,,go,GO:0006915,,,Bid,Protein,,,,P55957,,,positive,,,,,,,,,,,17322918-cmu-out.tsv
Bax,Protein,,,uniprot,Q07812,,,Bid,Protein,,,,P55957,,,positive,,,,,,,,,,,17322918-cmu-out.tsv
apoptosis,Biological Process,,,go,GO:0006915,,,Bim,Protein,,,,O43521,,,positive,,,,,,,,,,,17322918-cmu-out.tsv
apoptosis,Biological Process,,,go,GO:0006915,,go:0009986,death_receptor,Protein Family|Protein Complex,,,,Death_receptor,,go:0009986,positive,,,,,cl:CL:0000542,,,,,,17322918-cmu-out.tsv
bim,Protein,,,uniprot,O43521,,go:0005856,Forkhead,Protein Family,,,,PF00250,,go:0005856,positive,,,,,,,,,,,17322918-cmu-out.tsv
proliferation,Biological Process,,,go,GO:0008283,,,Myc,Protein,,,,P01106,,,positive,,,,,cl:CL:0000236,,,,,,17322918-cmu-out.tsv
cell_death,Biological Process,,,go,GO:0008219,,,Noxa,Protein,,,,Q13794,,,positive,,,,,,,,,,,17322918-cmu-out.tsv
apoptosis,Biological Process,,,go,GO:0006915,,,p53,Protein,,,,P04637,,,positive,,,,,,,,,,,17322918-cmu-out.tsv
Bim,Protein,,,uniprot,O43521,,,p53,Protein,,,,P04637,,,positive,,,,,cl:CL:0000542,,,,,,17322918-cmu-out.tsv
Noxa,Protein,,,uniprot,Q13794,,go:0005739,p53,Protein,,,,P04637,,go:0005739,positive,,,,,cl:CL:0000542,,,,,,17322918-cmu-out.tsv
Bim,Protein,,,uniprot,O43521,,,proteasome,Protein Family|Protein Complex,,,,Proteasome,,,positive,,,,,,,,,,,17322918-cmu-out.tsv
Myc,Protein,,,uniprot,P01106,,,Puma,Protein,,,,Q96PG8,,,positive,,,,,,,,,,,17322918-cmu-out.tsv
protein_folding,Biological Process,,,go,GO:0006457,,go:0043226,alpha1ATZ,Other,,,,UAZ07372,,go:0043226,negative,,,,,,,,,,,18191218-cmu-out.tsv
genomic_instability,Biological Process,,,mesh,D042822,,go:0043226,autophagy,Biological Process,,,,GO:0006914,,go:0043226,negative,,,,,cl:CL:0000066,,,,,,18191218-cmu-out.tsv
proliferation,Biological Process,,,go,GO:0008283,,go:0043226,Beclin_1,Protein,,,,Q14457,,go:0043226,negative,,,,,cl:CL:0000066,,,,,,18191218-cmu-out.tsv
wildtype_alpha1antitrypsin,Other,,,uaz,UAZ07361,,go:0016234,proteasome,Protein Family|Protein Complex,,,,Proteasome,,go:0016234,negative,,,,,,,,,,,18191218-cmu-out.tsv
dysferlin,Protein,,,uniprot,O75923,,go:0016234,ubiquitinproteasome,Other,,,,UAZ00845,,go:0016234,negative,,,,,cl:CL:0000187,,,,,,18191218-cmu-out.tsv
proliferation,Biological Process,,,go,GO:0008283,,,UVRAG,Protein,,,,Q9P2Y5,,,negative,,,,,,,,,,,18191218-cmu-out.tsv
"{TSC1,_TSC2}","{Protein, Protein}",,,"{uniprot, uniprot}","{Q92574, P49815}",,go:0031966,AMPK,Protein Family|Protein Complex,,,,Q13131,,go:0031966,positive,,,,,,,,,,,18191218-cmu-out.tsv
inflammation,Biological Process,,,go,GO:0006954,,,atg5,Protein,,,,Q9H1Y0,,,positive,,,,,cl:CL:0002293,,,,,,18191218-cmu-out.tsv
inflammation,Biological Process,,,go,GO:0006954,,,autophagy,Biological Process,,,,GO:0006914,,,positive,,,,,cl:CL:0002293,,,,,,18191218-cmu-out.tsv
apoptosis,Biological Process,,,go,GO:0006915,,go:0031966,DAPk,Protein,,,,P53355,,go:0031966,positive,,,,,,,,,,,18191218-cmu-out.tsv
autophagy,Biological Process,,,go,GO:0006914,,go:0031966,DAPk,Protein,,,,P53355,,go:0031966,positive,,,,,,,,,,,18191218-cmu-out.tsv
apoptosis,Biological Process,,,go,GO:0006915,,go:0031966,deathassociated_protein,Protein Family,,,,PF15228,,go:0031966,positive,,,,,,,,,,,18191218-cmu-out.tsv
autophagy,Biological Process,,,go,GO:0006914,,go:0031966,deathassociated_protein,Protein Family,,,,PF15228,,go:0031966,positive,,,,,,,,,,,18191218-cmu-out.tsv
girdle_muscular_dystrophy_type_2B_and_Miyoshi_myopathy,Other,,,uaz,UAZ07358,,go:0016234,dysferlin,Protein,,,,O75923,,go:0016234,positive,,,,,cl:CL:0000187,,,,,,18191218-cmu-out.tsv
autophagy,Biological Process,,,go,GO:0006914,,go:0042383,eIF2alpha,Protein,,,,P05198,,go:0042383,positive,,,,,cl:CL:0000187,,,,,,18191218-cmu-out.tsv
autophagic_cell_death,Biological Process,,,go,GO:0048102,,go:0031975,glycoprotein,Protein Family,,,,PF03409,,go:0031975,positive,,,,,cl:CL:0000542,,,,,,18191218-cmu-out.tsv
autophagy,Biological Process,,,go,GO:0006914,,go:0031966,lysosomal_protein,Other,,,,UAZ01158,,go:0031966,positive,,,,,,,,,,,18191218-cmu-out.tsv
autophagy,Biological Process,,,go,GO:0006914,,go:0031966,P53,Protein,,,,P04637,,go:0031966,positive,,,,,,,,,,,18191218-cmu-out.tsv
autophagy,Biological Process,,,go,GO:0006914,,go:0031966,TORactivating_oncogene_products,Other,,,,UAZ07355,,go:0031966,positive,,,,,,,,,,,18191218-cmu-out.tsv
ERK,Protein Family|Protein Complex,,,be,P27361,,,dual_specificity_phosphatase,Protein Family,,,,IPR024950,,,negative,,,,,,,,,,,18562239-cmu-out.tsv
"{Raf,_MEK}","{Protein Family|Protein Complex, Protein Family|Protein Complex}",,,"{be, be}","{RAF, Q02750}",,go:0016020,IMP1,Protein,,,,P29218,,go:0016020,negative,,,,,,,,,,,18562239-cmu-out.tsv
KSR,Protein,,,uniprot,Q8IVT5,,go:0016020,IMP1,Protein,,,,P29218,,go:0016020,negative,,,,,,,,,,,18562239-cmu-out.tsv
ERK,Protein Family|Protein Complex,,,be,P27361,,,KSR,Protein,,,,Q8IVT5,,,negative,,,,,,,,,,,18562239-cmu-out.tsv
ERK,Protein Family|Protein Complex,,,be,P27361,,go:0005634,MEK1,Protein Family|Protein Complex,,,,Q02750,,go:0005634,negative,,,,,,,,,,,18562239-cmu-out.tsv
ERK,Protein Family|Protein Complex,,,be,P27361,,go:0005737,Mxi2,Protein,,,,Q16539,,go:0005737,negative,,,,,,,,,,,18562239-cmu-out.tsv
localization,Biological Process,,,go,GO:0051179,,go:0005737,Mxi2,Protein,,,,Q16539,,go:0005737,negative,,,,,,,,,,,18562239-cmu-out.tsv
ERK,Protein Family|Protein Complex,,,be,P27361,,,PEA15,Protein,,,,Q15121,,,negative,,,,,cl:CL:0000127,,,,,,18562239-cmu-out.tsv
HRas,Protein,,,uniprot,P01112,,,PEA15,Protein,,,,Q15121,,,negative,,,,,cl:CL:0000127,,,,,,18562239-cmu-out.tsv
transcription,Biological Process,,,go,GO:0006351,,,PEA15,Protein,,,,Q15121,,,negative,,,,,cl:CL:0000127,,,,,,18562239-cmu-out.tsv
ERK,Protein Family|Protein Complex,,,be,P27361,,go:0031982,RNAi,Other,,,,UAZ02742,,go:0031982,negative,,,,,,,,,,,18562239-cmu-out.tsv
"{Sprouty,_Grb2}","{Protein Family, Protein}",,,"{pfam, uniprot}","{PF05210, P62993}",,,Src,Protein Family|Protein Complex,,,,P12931.p,,,negative,,,,,,,,,,,18562239-cmu-out.tsv
PAK1,Protein,,,uniprot,Q13153,,go:0005770,"{MP1,_p14}","{Protein, Protein}",,,,"{Q5JRX3, P06702}",,go:0005770,positive,,,,,,,,,,,18562239-cmu-out.tsv
CRaf,Protein,,,uniprot,P04049,,go:0005737,BRaf,Protein,,,,P15056,,go:0005737,positive,,,,,,,,,,,18562239-cmu-out.tsv
ERK,Protein Family|Protein Complex,,,be,P27361,,,CNK,Protein,,,,Q9H4B4,,,positive,,,,,,,,,,,18562239-cmu-out.tsv
Raf,Protein Family|Protein Complex,,,be,RAF,,,CNK,Protein,,,,Q9H4B4,,,positive,,,,,,,,,,,18562239-cmu-out.tsv
Raf1,Protein,,,uniprot,P04049,,,CNK,Protein,,,,Q9H4B4,,,positive,,,,,,,,,,,18562239-cmu-out.tsv
Rafs,Other,,,uaz,UAZ07446,,,CNK,Protein,,,,Q9H4B4,,,positive,,,,,,,,,,,18562239-cmu-out.tsv
Ras,Protein Family,,,pfam,PF00071,,,CNK,Protein,,,,Q9H4B4,,,positive,,,,,,,,,,,18562239-cmu-out.tsv
Src,Protein Family|Protein Complex,,,be,P12931,,,CNK,Protein,,,,Q9H4B4,,,positive,,,,,,,,,,,18562239-cmu-out.tsv
ERK,Protein Family|Protein Complex,,,be,P27361,,go:0005921,docking,Protein Family,,,,PF08990,,go:0005921,positive,,,,,,,,,,,18562239-cmu-out.tsv
ERK,Protein Family|Protein Complex,,,be,P27361,,go:0031982,EGF,Protein,,,,P01133,,go:0031982,positive,,,,,,,,,,,18562239-cmu-out.tsv
connexin43,Protein Family,,,pfam,PF03508,,go:0005921,ERK,Protein Family|Protein Complex,,,,P27361,,go:0005921,positive,,,,,,,,,,,18562239-cmu-out.tsv
differentiation,Biological Process,,,go,GO:0030154,,,ERK,Protein Family|Protein Complex,,,,P27361,,,positive,,,,,cl:CL:0000084,,,,,,18562239-cmu-out.tsv
DUSP1,Protein,,,uniprot,P28562,,,ERK,Protein Family|Protein Complex,,,,P27361,,,positive,,,,,,,,,,,18562239-cmu-out.tsv
DUSP6,Protein,,,uniprot,Q16828,,,ERK,Protein Family|Protein Complex,,,,P27361,,,positive,,,,,,,,,,,18562239-cmu-out.tsv
DUSP6,Protein,,,uniprot,Q16828,,,ERK,Protein Family|Protein Complex,,,,P27361,,,positive,,,,,,,,,,,18562239-cmu-out.tsv
DUSP6,Protein,,,uniprot,Q16828,,,ERK,Protein Family|Protein Complex,,,,P27361,,,positive,,,,,,,,,,,18562239-cmu-out.tsv
DUSP6,Protein,,,uniprot,Q16828,,,ERK,Protein Family|Protein Complex,,,,P27361,,,positive,,,,,,,,,,,18562239-cmu-out.tsv
MEK1,Protein Family|Protein Complex,,,be,Q02750,,,ERK,Protein Family|Protein Complex,,,,P27361,,,positive,,,,,cl:CL:0000084,,,,,,18562239-cmu-out.tsv
MKP1,Protein,,,uniprot,P28562,,go:0005634,ERK,Protein Family|Protein Complex,,,,P27361,,go:0005634,positive,,,,,cl:CL:0000553,,,,,,18562239-cmu-out.tsv
Myosin_Light_Chain,Protein Family|Protein Complex,,,be,MYL,,go:0005921,ERK,Protein Family|Protein Complex,,,,P27361,,go:0005921,positive,,,,,,,,,,,18562239-cmu-out.tsv
Raf,Protein Family|Protein Complex,,,be,RAF,,,ERK,Protein Family|Protein Complex,,,,P27361,,,positive,,,,,,,,,,,18562239-cmu-out.tsv
SOS,Protein Family|Protein Complex,,,be,SOS,,go:0005886,ERK,Protein Family|Protein Complex,,,,P27361,,go:0005886,positive,,,,,,,,,,,18562239-cmu-out.tsv
transcription,Biological Process,,,go,GO:0006351,,go:0005921 ++++ go:go:0005634,ERK,Protein Family|Protein Complex,,,,P27361,,go:0005921 ++++ go:go:0005634,positive,,,,,cl:CL:0000127,,,,,,18562239-cmu-out.tsv
ERK,Protein Family|Protein Complex,,,be,P27361,,,HRas,Protein,,,,P01112,,,positive,,,,,cl:CL:0000127,,,,,,18562239-cmu-out.tsv
IMP1,Protein,,,uniprot,P29218,,go:0016020,"IMP11,_RASGTP1","Protein, Other",,,,"P29218, UA-BP-GGP-00142",,go:0016020,positive,,,,,,,,,,,18562239-cmu-out.tsv
cell_adhesion,Biological Process,,,go,GO:0007155,,go:0005921,integrin,Protein,,,,P08648,,go:0005921,positive,,,,,cl:CL:0000553,,,,,,18562239-cmu-out.tsv
BRaf,Protein,,,uniprot,P15056,,,IQGAP1,Protein,,,,P46940,,,positive,,,,,,,,,,,18562239-cmu-out.tsv
ERK,Protein Family|Protein Complex,,,be,P27361,,go:0031982,IQGAP1,Protein,,,,P46940,,go:0031982,positive,,,,,,,,,,,18562239-cmu-out.tsv
Ncadherin,Protein,,,uniprot,P19022,,,IQGAP1,Protein,,,,P46940,,,positive,,,,,,,,,,,18562239-cmu-out.tsv
proliferation,Biological Process,,,go,GO:0008283,,,IQGAP1,Protein,,,,P46940,,,positive,,,,,,,,,,,18562239-cmu-out.tsv
cfos,Other,,,uaz,UAZ00715,,,JNK,Protein Family|Protein Complex,,,,P45983,,,positive,,,,,cl:CL:0000540,,,,,,18562239-cmu-out.tsv
ERK,Protein Family|Protein Complex,,,be,P27361,,,KSR,Protein,,,,Q8IVT5,,,positive,,,,,,,,,,,18562239-cmu-out.tsv
Gprotein,Protein Family|Protein Complex,,,be,G_protein,,go:0005886,MAP,Protein,,,,P12872,,go:0005886,positive,,,,,,,,,,,18562239-cmu-out.tsv
ERK,Protein Family|Protein Complex,,,be,P27361,,go:0005770,MEK,Protein Family|Protein Complex,,,,Q02750,,go:0005770,positive,,,,,,,,,,,18562239-cmu-out.tsv
ERK,Protein Family|Protein Complex,,,be,P27361,,go:0005737,MEK,Protein Family|Protein Complex,,,,Q02750,,go:0005737,positive,,,,,,,,,,,18562239-cmu-out.tsv
ERK,Protein Family|Protein Complex,,,be,P27361,,go:0005737,MEK,Protein Family|Protein Complex,,,,Q02750,,go:0005737,positive,,,,,,,,,,,18562239-cmu-out.tsv
ERK,Protein Family|Protein Complex,,,be,P27361,,go:0005737,MEK,Protein Family|Protein Complex,,,,Q02750,,go:0005737,positive,,,,,,,,,,,18562239-cmu-out.tsv
ERK1,Protein,,,uniprot,P27361,,go:0005770,MEK1,Protein,,,,Q02750,,go:0005770,positive,,,,,,,,,,,18562239-cmu-out.tsv
"{JLP,_JNK}","{Protein, Protein Family|Protein Complex}",,,"{uniprot, be}","{O60271, P45983}",,,MEKK3,Protein,,,,Q99759,,,positive,,,,,cl:CL:0000127,,,,,,18562239-cmu-out.tsv
ERK,Protein Family|Protein Complex,,,be,P27361,,go:0031982,MORG1,Protein,,,,Q9BRX9,,go:0031982,positive,,,,,,,,,,,18562239-cmu-out.tsv
"{MP1,_MEK1}","{Protein, Protein}",,,"{uniprot, uniprot}","{Q5JRX3, Q02750}",,go:0005770,MP1,Protein,,,,Q5JRX3,,go:0005770,positive,,,,,,,,,,,18562239-cmu-out.tsv
adhesion,Biological Process,,,go,GO:0007155,,go:0005634,MP1,Protein,,,,Q5JRX3,,go:0005634,positive,,,,,,,,,,,18562239-cmu-out.tsv
ERK,Protein Family|Protein Complex,,,be,P27361,,go:0005770,MP1,Protein,,,,Q5JRX3,,go:0005770,positive,,,,,,,,,,,18562239-cmu-out.tsv
ERK,Protein Family|Protein Complex,,,be,P27361,,,NGF,Protein,,,,P01138,,,positive,,,,,cl:CL:0000084,,,,,,18562239-cmu-out.tsv
ERK,Protein Family|Protein Complex,,,be,P27361,,go:0005770,p14,Protein,,,,P06702,,go:0005770,positive,,,,,,,,,,,18562239-cmu-out.tsv
MEK,Protein Family|Protein Complex,,,be,Q02750,,go:0005770,"PAK11,_{MP1,_p14}1","Protein, {Protein, Protein}",,,,"Q13153, {Q5JRX3, P06702}",,go:0005770,positive,,,,,,,,,,,18562239-cmu-out.tsv
ERK,Protein Family|Protein Complex,,,be,P27361,,,PEA15,Protein,,,,Q15121,,,positive,,,,,cl:CL:0000542,,,,,,18562239-cmu-out.tsv
ERK,Protein Family|Protein Complex,,,be,P27361,,go:0016020,Raf,Protein Family|Protein Complex,,,,RAF,,go:0016020,positive,,,,,,,,,,,18562239-cmu-out.tsv
MAP,Protein,,,uniprot,P12872,,go:0016020,Raf,Protein Family|Protein Complex,,,,RAF,,go:0016020,positive,,,,,,,,,,,18562239-cmu-out.tsv
MEK,Protein Family|Protein Complex,,,be,Q02750,,go:0005737,Raf,Protein Family|Protein Complex,,,,RAF,,go:0005737,positive,,,,,,,,,,,18562239-cmu-out.tsv
ERK,Protein Family|Protein Complex,,,be,P27361,,go:0005886,Ras,Protein Family,,,,PF00071,,go:0005886,positive,,,,,,,,,,,18562239-cmu-out.tsv
FGF,Protein Family,,,pfam,PF00167,,go:0005634,Ras,Protein Family,,,,PF00071,,go:0005634,positive,,,,,,,,,,,18562239-cmu-out.tsv
Raf,Protein Family|Protein Complex,,,be,RAF,,,Ras,Protein Family,,,,PF00071,,,positive,,,,,,,,,,,18562239-cmu-out.tsv
Raf1,Protein,,,uniprot,P04049,,,Ras,Protein Family,,,,PF00071,,,positive,,,,,,,,,,,18562239-cmu-out.tsv
ERK,Protein Family|Protein Complex,,,be,P27361,,,RKIP,Protein,,,,P30086,,,positive,,,,,,,,,,,18562239-cmu-out.tsv
EGF,Protein,,,uniprot,P01133,,go:0031982,RNAi,Other,,,,UAZ02742,,go:0031982,positive,,,,,,,,,,,18562239-cmu-out.tsv
ERK,Protein Family|Protein Complex,,,be,P27361,,go:0031982,RNAi,Other,,,,UAZ02742,,go:0031982,positive,,,,,,,,,,,18562239-cmu-out.tsv
SOS,Protein Family|Protein Complex,,,be,SOS,,go:0005886,RSK2,Protein,,,,P51812,,go:0005886,positive,,,,,,,,,,,18562239-cmu-out.tsv
ERK,Protein Family|Protein Complex,,,be,P27361,,go:0005634,Sef,Protein,,,,Q12800,,go:0005634,positive,,,,,,,,,,,18562239-cmu-out.tsv
Ras,Protein Family,,,pfam,PF00071,,go:0005886,Sef,Protein,,,,Q12800,,go:0005886,positive,,,,,,,,,,,18562239-cmu-out.tsv
Ras,Protein Family,,,pfam,PF00071,,go:0005886,SOS,Protein Family|Protein Complex,,,,SOS,,go:0005886,positive,,,,,,,,,,,18562239-cmu-out.tsv
Raf1,Protein,,,uniprot,P04049,,,Src,Protein Family|Protein Complex,,,,P12931,,,positive,,,,,,,,,,,18562239-cmu-out.tsv
Raf,Protein Family|Protein Complex,,,be,RAF,,,Src42,Other,,,,UAZ07433,,,positive,,,,,,,,,,,18562239-cmu-out.tsv